U error.jsp
U favicon.ico
U index.html
U WEB-INF/lib/clasesfuncionales.jar
U WEB-INF/lib/json_simple-1.1.jar
U WEB-INF/lib/m4menu.jar
U css/autocompleter.css
U css/estilo_mss.css
U css/estilo_sse.css
U css/gta_planning.css
U css/gta_planning_dynamic_css.jsp
U css/m4reset.css
U css/meta4table.css
U css/sse_gta_daily_view.css
U css/sse_gta_monthly_view.css
U css/style_contact.css
U css/style_eval.css
U css/style_infemp.css
U css/style_login.css
U css/style_loginIE6.css
U css/style_login_mobile.css
U css/style_orgchart.css
U css/style_persdata.css
U css/style_portal.css
U css/style_portalIE6.css
U css/style_subportal.css
U css/style_subportalIE6.css
U css/style_whoiswho.css
U files_gif_ess/ic_ace.jsp
U files_gif_ess/ic_bor.jsp
U files_gif_ess/ic_cabec.jsp
U files_gif_ess/ic_cal.jsp
U files_gif_ess/ic_cer.jsp
U files_gif_ess/ic_des.jsp
U files_gif_ess/ic_env.jsp
U files_gif_ess/ic_err.jsp
U files_gif_ess/ic_mod.jsp
U files_gif_ess/ic_ord.jsp
U files_gif_ess/ic_ord_1.jsp
U files_gif_ess/ic_ord_2.jsp
U files_gif_ess/ic_pay.jsp
U files_gif_ess/ic_save.jsp
U files_gif_ess/ic_send.jsp
U files_gif_mss/ic_ace.jsp
U files_gif_mss/ic_bor.jsp
U files_gif_mss/ic_cabec.jsp
U files_gif_mss/ic_cal.jsp
U files_gif_mss/ic_cer.jsp
U files_gif_mss/ic_des.jsp
U files_gif_mss/ic_env.jsp
U files_gif_mss/ic_err.jsp
U files_gif_mss/ic_mod.jsp
U files_gif_mss/ic_ord.jsp
U files_gif_mss/ic_ord_1.jsp
U files_gif_mss/ic_ord_2.jsp
U files_gif_mss/ic_pay.jsp
U files_gif_mss/ic_save.jsp
U files_gif_mss/ic_send.jsp
U fotos/10097.gif
U fotos/M10107.gif
U fotos/M10116.gif
U fotos/M10118.gif
U fotos/M10121.gif
U fotos/Thumbs.db
U help/english/GESS_Planificacion.pdf
U help/english/GESS_Planification.pdf
U help/english/GMSS_Planificacion.pdf
U help/english/GMSS_Planification.pdf
U help/espanol/GESS_Planificacion.pdf
U help/espanol/GESS_Planification.pdf
U help/espanol/GMSS_Planificacion.pdf
U help/espanol/GMSS_Planification.pdf
U help/francais/GESS_Planificacion.pdf
U help/francais/GESS_Planification.pdf
U help/francais/GMSS_Planificacion.pdf
U help/francais/GMSS_Planification.pdf
U help/portugues/GESS_Planificacion.pdf
U help/portugues/GESS_Planification.pdf
U help/portugues/GMSS_Planificacion.pdf
U help/portugues/GMSS_Planification.pdf
U iconos/Copie de dayImgChosen.png
U iconos/Copie de roundedcornr_587654_tl.gif
U iconos/End.png
U iconos/GTAMonthlyPresenceAlertIcone.gif
U iconos/ImageAddRecord.gif
U iconos/ImageBackMonthlyData.gif
U iconos/ImageBackParams.png
U iconos/ImageClockIn.PNG
U iconos/ImageClockOut.PNG
U iconos/ImageCollapse.gif
U iconos/ImageDeletePlage.gif
U iconos/ImageEdittTable.gif
U iconos/ImageExecuteAction.gif
U iconos/ImageExit.gif
U iconos/ImageGoNext.gif
U iconos/ImageGoPrevious.gif
U iconos/ImageLoadInPeriod.gif
U iconos/ImageNoViewAllProperties.gif
U iconos/ImageRestore.gif
U iconos/ImageSaveAndExit.gif
U iconos/ImageUnblockEmployee.PNG
U iconos/ImageViewAllProperties.gif
U iconos/Modif.png
U iconos/Solicitud_prestamos_51x100.gif
U iconos/Start.png
U iconos/TabMain.png
U iconos/TabMainHidden.png
U iconos/TabMainHidden_.png
U iconos/TabMain_.png
U iconos/TabMinor.png
U iconos/TabMinorHidden.png
U iconos/Thumbs.db
U iconos/Valid.png
U iconos/accept.gif
U iconos/aceptado.gif
U iconos/add.gif
U iconos/admiracion_azul.gif
U iconos/admiracion_blanco.gif
U iconos/admiracion_grandeazul.gif
U iconos/advertencia.gif
U iconos/advertencia_rojo.gif
U iconos/aeat_85_76.gif
U iconos/afiliacion_asociaciones_empleado_105x100.gif
U iconos/afiliacion_asociaciones_manager_105x100.gif
U iconos/alertBlack-Valid.png
U iconos/alertBlack.png
U iconos/alertOrange-Valid.png
U iconos/alertOrange.png
U iconos/alertRed-Modif.png
U iconos/alertRed-Valid.png
U iconos/alertRed.png
U iconos/alertYellow-Valid.png
U iconos/alertYellow.png
U iconos/all_comments.gif
U iconos/alta_usu.gif
U iconos/annulation_ess_96_96.gif
U iconos/arrow_undo.jpg
U iconos/arrow_undo.png
U iconos/avalider-down.gif
U iconos/avalider-up.gif
U iconos/avalider.gif
U iconos/back_subtitle.gif
U iconos/back_subtitle.png
U iconos/back_title_doc.gif
U iconos/back_title_doc.png
U iconos/back_title_doc_little.gif
U iconos/back_title_doc_little.png
U iconos/back_title_task.gif
U iconos/back_title_task.png
U iconos/back_vertical.gif
U iconos/back_vertical.png
U iconos/back_vertical_sep.gif
U iconos/back_vertical_sep.png
U iconos/back_vertical_task.gif
U iconos/back_vertical_task.png
U iconos/background.gif
U iconos/background.png
U iconos/background_title.jpg
U iconos/background_title_center.gif
U iconos/background_title_center.png
U iconos/background_title_left.gif
U iconos/background_title_left.png
U iconos/background_title_right.gif
U iconos/background_title_right.png
U iconos/bg_dude.jpg
U iconos/blueDark.png
U iconos/blueDarkComplete.png
U iconos/blueDarkError.png
U iconos/blueDark_Alert.png
U iconos/blueDark_Complete.png
U iconos/blueDark_Error.png
U iconos/blueDark_Warning.png
U iconos/blueDark_Warning2.png
U iconos/blueDark_old.png
U iconos/blueDark_test.png
U iconos/blueDark_testchosen.png
U iconos/blueDark_testcomplete.png
U iconos/book_16.gif
U iconos/cabecera.jpg
U iconos/calcular_16_16.gif
U iconos/calendarIcon_24_24.png
U iconos/cancel.gif
U iconos/cancel.png
U iconos/cancelTest.gif
U iconos/cargando.gif
U iconos/certificaciones_80x100.gif
U iconos/certificaciones_manager_80x100.gif
U iconos/col_order_asc_16.png
U iconos/col_order_asc_hot_16.png
U iconos/col_order_desc_16.png
U iconos/col_order_desc_hot_16.png
U iconos/combo_hot_16.png
U iconos/combo_nor_16.png
U iconos/contract_write_128.png
U iconos/cycleDeb.png
U iconos/cycleDeb2.png
U iconos/day201.png
U iconos/day202.png
U iconos/day204.png
U iconos/day310.png
U iconos/day3102.png
U iconos/day3106.png
U iconos/day3108.png
U iconos/day3200.png
U iconos/day3202.png
U iconos/day3204.png
U iconos/day3300.png
U iconos/day3400.png
U iconos/day3500.png
U iconos/day4000.png
U iconos/day4010.png
U iconos/day4500.png
U iconos/day4510.png
U iconos/day500.png
U iconos/day5000.png
U iconos/day5010.png
U iconos/day5030.png
U iconos/day600.png
U iconos/day7000.png
U iconos/day7002.png
U iconos/day7010.png
U iconos/day7020.png
U iconos/day7030.png
U iconos/day7130.png
U iconos/day8000.png
U iconos/day8010.png
U iconos/day8020.png
U iconos/day900.png
U iconos/day902.png
U iconos/dayAccident.png
U iconos/dayCET.png
U iconos/dayCP.png
U iconos/dayCongAdop.png
U iconos/dayCongDem.png
U iconos/dayCongSolid.png
U iconos/dayEnfMalRem.png
U iconos/dayEpAncCET.png
U iconos/dayEpCPCET.png
U iconos/dayEpRTTCET.png
U iconos/dayEvFam.png
U iconos/dayExtra.png
U iconos/dayHrCE.png
U iconos/dayIllness.png
U iconos/dayImg.jpg
U iconos/dayImg.png
U iconos/dayImgChosen.png
U iconos/dayImgChosen_old.png
U iconos/dayImgChosen_old2.png
U iconos/dayImgChosen_old3.png
U iconos/dayImgComplete.png
U iconos/dayImgComplete3.png
U iconos/dayImgComplete4.png
U iconos/dayImgComplete5.png
U iconos/dayImg_old.png
U iconos/dayInfo.png
U iconos/dayMaternity.png
U iconos/dayMtAT.png
U iconos/dayMtMal.png
U iconos/dayNA.png
U iconos/dayNWHDIF.png
U iconos/dayNWHNDIF.png
U iconos/dayOther.png
U iconos/dayPresFam.png
U iconos/daySuppHours.png
U iconos/dayTrain.png
U iconos/dayTraining.png
U iconos/dayTraj.png
U iconos/dayWHDIF.png
U iconos/denegado.gif
U iconos/doble_flecha_20.png
U iconos/eliminar_usu.gif
U iconos/emp_cv.gif
U iconos/entrar_blanco.gif
U iconos/entrar_usu.gif
U iconos/error.gif
U iconos/ess_linea_sup_login.gif
U iconos/ess_linea_sup_resto.gif
U iconos/ess_logotipo.gif
U iconos/estado_civil_71x100.gif
U iconos/estado_civil_check_71x100.gif
U iconos/exito.gif
U iconos/family_123_100.gif
U iconos/flecha.gif
U iconos/flecha_azul1_ess_11_9.gif
U iconos/flecha_azul2_ess_11_9.gif
U iconos/flecha_ocre_ess_11_9.gif
U iconos/fleche.gif
U iconos/frameMenuBottom.png
U iconos/frameMenuBottom2.png
U iconos/frameMenuBottomBig.png
U iconos/frm_key.gif
U iconos/frm_key.png
U iconos/frm_login.gif
U iconos/frm_login.png
U iconos/frm_login_bottom.gif
U iconos/frm_login_bottom.png
U iconos/grabar.gif
U iconos/grabarWaiting.gif
U iconos/group_next_32.gif
U iconos/gtaChoice.png
U iconos/gtaClockIn.png
U iconos/gtaClockOut.png
U iconos/gtaComplete.png
U iconos/gtaDetail.png
U iconos/gtaGrid.png
U iconos/gtaReference.png
U iconos/gtaValidation.png
U iconos/header_ess_56_404.gif
U iconos/header_mss_56_404.gif
U iconos/helpyou_a.gif
U iconos/helpyou_b.gif
U iconos/ic_compvar_16_16_0.gif
U iconos/ic_details_16_16.gif
U iconos/ic_favorites_30_30.gif
U iconos/ic_favorites_30_30.png
U iconos/ic_header_disconnect.gif
U iconos/ic_header_disconnect.png
U iconos/ic_header_disconnect_hot.gif
U iconos/ic_header_disconnect_hot.png
U iconos/ic_header_ess.gif
U iconos/ic_header_ess.png
U iconos/ic_header_ess_hot.gif
U iconos/ic_header_ess_hot.png
U iconos/ic_header_favourite.gif
U iconos/ic_header_favourite.png
U iconos/ic_header_favourite_hot.gif
U iconos/ic_header_favourite_hot.png
U iconos/ic_header_home.gif
U iconos/ic_header_home.png
U iconos/ic_header_home_hot.gif
U iconos/ic_header_home_hot.png
U iconos/ic_header_mss.gif
U iconos/ic_header_mss.png
U iconos/ic_header_mss_hot.gif
U iconos/ic_header_mss_hot.png
U iconos/ic_header_my_queries.png
U iconos/ic_header_my_queries_hot.png
U iconos/ic_header_who_is_who.gif
U iconos/ic_header_who_is_who.png
U iconos/ic_header_who_is_who_hot.gif
U iconos/ic_header_who_is_who_hot.png
U iconos/ic_help_25_31_0.gif
U iconos/ic_lis_36_36_2.gif
U iconos/ic_log_off_36_36.gif
U iconos/ic_menu_cash_comp.gif
U iconos/ic_menu_cash_comp.png
U iconos/ic_menu_favourites.gif
U iconos/ic_menu_favourites.png
U iconos/ic_menu_financial_info.gif
U iconos/ic_menu_financial_info.png
U iconos/ic_menu_job.gif
U iconos/ic_menu_job.png
U iconos/ic_menu_my_financial_info.gif
U iconos/ic_menu_my_financial_info.png
U iconos/ic_menu_my_job.gif
U iconos/ic_menu_my_job.png
U iconos/ic_menu_my_personal_info.gif
U iconos/ic_menu_my_personal_info.png
U iconos/ic_menu_my_tools.gif
U iconos/ic_menu_my_tools.png
U iconos/ic_menu_my_work_time.gif
U iconos/ic_menu_my_work_time.png
U iconos/ic_menu_personal_info.gif
U iconos/ic_menu_personal_info.png
U iconos/ic_menu_search.gif
U iconos/ic_menu_search.png
U iconos/ic_menu_work_time.gif
U iconos/ic_menu_work_time.png
U iconos/ic_next_edit_16_16_0.gif
U iconos/ic_ord_15_15.gif
U iconos/ic_ord_down_15_15.gif
U iconos/ic_ord_up_15_15.gif
U iconos/ic_pay_16_16.gif
U iconos/ic_who_is_who_36_36.gif
U iconos/ic_who_is_who_36_36.png
U iconos/icon_eliminar_mss_11_12.gif
U iconos/icono_ peq _seleccionar_11_9.gif
U iconos/icono_abajo_ess_36_36.gif
U iconos/icono_aceptar_ess_36_36.gif
U iconos/icono_aceptar_ess_58_50.gif
U iconos/icono_aceptar_mss_36_36.gif
U iconos/icono_aceptar_mss_58_50.gif
U iconos/icono_aceptar_todas_36_36.gif
U iconos/icono_aceptar_todas_58_50.gif
U iconos/icono_aceptar_todas_mss_58_50.gif
U iconos/icono_actualizar_mss_36_36.gif
U iconos/icono_actualizar_mss_58_50.gif
U iconos/icono_aleman_mss_58_50.gif
U iconos/icono_alemania_36_36.gif
U iconos/icono_alemania_58_50.gif
U iconos/icono_alemania_ess_58_50.gif
U iconos/icono_alemania_mss_36_36.gif
U iconos/icono_anterior_36_36.gif
U iconos/icono_anterior_58_50.gif
U iconos/icono_anterior_ess_58_50.gif
U iconos/icono_anterior_mss_58_50.gif
U iconos/icono_assigned_task_16_16.gif
U iconos/icono_barra_509_6.gif
U iconos/icono_borrar_16_16.gif
U iconos/icono_borrar_mss_36_36.gif
U iconos/icono_borrar_mss_58_50.gif
U iconos/icono_buscar_ess_36_36.gif
U iconos/icono_buscar_ess_58_50.gif
U iconos/icono_buscar_mss_36_36.gif
U iconos/icono_buscar_mss_58_50.gif
U iconos/icono_calendario_14_18.gif
U iconos/icono_cancelar_mss_36_36.gif
U iconos/icono_cancelar_mss_58_50.gif
U iconos/icono_cancelar_todas_mss_36_36.gif
U iconos/icono_cancelar_todas_mss_58_50.gif
U iconos/icono_contactos_20_20.gif
U iconos/icono_crear_mss_36_36.gif
U iconos/icono_crear_todas_mss_36_36.gif
U iconos/icono_css_88_31.gif
U iconos/icono_desde_excel_32_16.gif
U iconos/icono_deshacer_mss_36_36.gif
U iconos/icono_deshacer_todas_mss_36.gif
U iconos/icono_down_18_15.gif
U iconos/icono_e_mail_ess_11_9.gif
U iconos/icono_editar_ favoritos_mss_20_20.gif
U iconos/icono_editar_20_20.gif
U iconos/icono_editar_favoritos_20_20.gif
U iconos/icono_editar_favoritos_ess_20_20.gif
U iconos/icono_editar_mss_11_9.gif
U iconos/icono_eliminar_ess_11_12.gif
U iconos/icono_eliminar_guardar_36_36.gif
U iconos/icono_eliminar_mss_36_36.gif
U iconos/icono_eliminar_mss_36_36_dis.gif
U iconos/icono_entrar_ess_36_36.gif
U iconos/icono_enviar_ess_36_36.gif
U iconos/icono_enviar_ess_58_50.gif
U iconos/icono_enviar_mss_36_36.gif
U iconos/icono_espana_36_36.gif
U iconos/icono_espana_58_50.gif
U iconos/icono_españa_58_50.gif
U iconos/icono_ess_36_36.gif
U iconos/icono_filtrar_36_36.gif
U iconos/icono_filtrar_58_50.gif
U iconos/icono_filtrar_mss_.gif
U iconos/icono_finished_task_16_16.gif
U iconos/icono_flecha2_16_7.gif
U iconos/icono_flecha2_ocre_mss_11_9.gif
U iconos/icono_flecha_16_7.gif
U iconos/icono_flecha_azul1_ess_11_9.gif
U iconos/icono_flecha_azul2_ess_11_9.gif
U iconos/icono_flecha_ocre_mss_11_9.gif
U iconos/icono_formacion_anadir_11_12.gif
U iconos/icono_formacion_anadir_todos_22_12.gif
U iconos/icono_formacion_eliminar_11_12.gif
U iconos/icono_formacion_eliminar_todos_22_12.gif
U iconos/icono_france_38_27.gif
U iconos/icono_frances_mss_58_50.gif
U iconos/icono_francia_36_36.gif
U iconos/icono_francia_58_50.gif
U iconos/icono_francia_ess_58_50.gif
U iconos/icono_francia_mss_36_36.gif
U iconos/icono_germany_38_27.gif
U iconos/icono_guardar_36_36.gif
U iconos/icono_hacia_excel_32_16.gif
U iconos/icono_ingles_ess_58_50.gif
U iconos/icono_ingles_mss_58_50.gif
U iconos/icono_insertar_20_20.gif
U iconos/icono_inventario_20_20.gif
U iconos/icono_inventario_personas_ess_20_20.gif
U iconos/icono_inventario_personas_mss_20_20.gif
U iconos/icono_italia_36_36.gif
U iconos/icono_italia_58_50.gif
U iconos/icono_italia_ess_58_50.gif
U iconos/icono_italia_mss_36_36.gif
U iconos/icono_italiano_mss_58_50.gif
U iconos/icono_italy_38_27.gif
U iconos/icono_linea_login2_12_404.gif
U iconos/icono_linea_login_12_424.gif
U iconos/icono_lista_16_16.gif
U iconos/icono_log_off_36_36.gif
U iconos/icono_log_off_36_36_old.gif
U iconos/icono_log_off_mss_36_36.gif
U iconos/icono_mapa_36_36.gif
U iconos/icono_mapa_36_36_old.gif
U iconos/icono_mapa_ess_58_50.gif
U iconos/icono_mapa_mss_36_36.gif
U iconos/icono_mapa_mss_58_50.gif
U iconos/icono_mismo_36_36.gif
U iconos/icono_mismo_50_58.gif
U iconos/icono_mismo_58_50.gif
U iconos/icono_move_left_31_19.gif
U iconos/icono_move_right_31_19.gif
U iconos/icono_moveall_left_31_19.gif
U iconos/icono_moveall_right_31_19.gif
U iconos/icono_mss_36_36.gif
U iconos/icono_mss_ess_58_50.gif
U iconos/icono_path_16_7.gif
U iconos/icono_peq_editar_ess_11_12.gif
U iconos/icono_peq_eliminar_ess_11_12.gif
U iconos/icono_peq_seleccionar_ess_11_12.gif
U iconos/icono_portugal_36_36.gif
U iconos/icono_portugal_58_50.gif
U iconos/icono_portugal_ess_58_50.gif
U iconos/icono_portugal_mss_36_36.gif
U iconos/icono_portuges_mss_58_50.gif
U iconos/icono_quienesquien_20_20.gif
U iconos/icono_revision_colectiva_32_16.gif
U iconos/icono_revision_individual_32_16.gif
U iconos/icono_seleccion _registro_mss_20_20.gif
U iconos/icono_seleccion_registro_20_20.gif
U iconos/icono_seleccion_registro_ess_20_20.gif
U iconos/icono_seleccionar_11_12.gif
U iconos/icono_siguiente_36_36.gif
U iconos/icono_siguiente_58_50.gif
U iconos/icono_siguiente_ess_36_36.gif
U iconos/icono_siguiente_ess_58_50.gif
U iconos/icono_siguiente_mss_58_50.gif
U iconos/icono_spain_38_27.gif
U iconos/icono_task16_16.gif
U iconos/icono_uk_36_36.gif
U iconos/icono_uk_58_50.gif
U iconos/icono_uk_mss_36_36.gif
U iconos/icono_unitedkingdom_38_27.gif
U iconos/icono_up_18_15.gif
U iconos/icono_url_ess.gif
U iconos/icono_url_ess_20_20.gif
U iconos/icono_url_mss_20_20.gif
U iconos/icono_vxhtml10_88_31.gif
U iconos/icono_wai_A_88_31.gif
U iconos/img_list.gif
U iconos/img_list.png
U iconos/imprimir.gif
U iconos/inf_complementaria_empleado_100x100.gif
U iconos/inf_complementaria_manager_100x100.gif
U iconos/info_12.gif
U iconos/informacion_azul.gif
U iconos/informacion_blanco.gif
U iconos/infos.gif
U iconos/js_anterior.gif
U iconos/js_anyadir.gif
U iconos/js_bajar.gif
U iconos/js_deshacer_filtro.gif
U iconos/js_eliminar.gif
U iconos/js_eliminar_azul.gif
U iconos/js_eliminar_grande.gif
U iconos/js_eliminar_peq.gif
U iconos/js_email.gif
U iconos/js_email_blanco.gif
U iconos/js_email_cabecera.gif
U iconos/js_filtrar.gif
U iconos/js_flecha.gif
U iconos/js_linea_divisoria.gif
U iconos/js_mi_curriculum.gif
U iconos/js_mis_ofertas_de_empleo.gif
U iconos/js_nuevo.gif
U iconos/js_ofertas_de_empleo.gif
U iconos/js_ojos.jpg
U iconos/js_password.gif
U iconos/js_siguiente.gif
U iconos/js_subir.gif
U iconos/login.ico
U iconos/login_sep.gif
U iconos/login_sep.png
U iconos/logo_meta4_pantalla_login_117_35.gif
U iconos/logo_meta4_pk_128_43.gif
U iconos/logo_meta4_resto_pantallas2_74_12.gif
U iconos/logo_meta4_resto_pantallas_73_21.gif
U iconos/lu_add_con_nor_24.png
U iconos/lu_admin_128.gif
U iconos/lu_admin_128.png
U iconos/lu_admin_ok_128.gif
U iconos/lu_admin_ok_128.png
U iconos/lu_anonimus_128.gif
U iconos/lu_anonimus_128.png
U iconos/lu_atom_128.gif
U iconos/lu_atom_128.png
U iconos/lu_atom_ok_128.gif
U iconos/lu_atom_ok_128.png
U iconos/lu_bank_128.gif
U iconos/lu_bank_128.png
U iconos/lu_bank_ok_128.gif
U iconos/lu_bank_ok_128.png
U iconos/lu_bank_transaction_128.gif
U iconos/lu_bank_transaction_128.png
U iconos/lu_bank_transaction_ok_128.gif
U iconos/lu_bank_transaction_ok_128.png
U iconos/lu_briefcase_128.gif
U iconos/lu_briefcase_128.png
U iconos/lu_briefcase_ok_128.gif
U iconos/lu_briefcase_ok_128.png
U iconos/lu_bright_128.gif
U iconos/lu_bright_128.png
U iconos/lu_bright_ok_128.gif
U iconos/lu_bright_ok_128.png
U iconos/lu_bright_ok_zoom_128.gif
U iconos/lu_bright_ok_zoom_128.png
U iconos/lu_calendar_month_128.gif
U iconos/lu_calendar_month_128.png
U iconos/lu_cancel_16.png
U iconos/lu_cancel_16_hot.png
U iconos/lu_close_1_16.png
U iconos/lu_close_1_24.gif
U iconos/lu_close_1_24.png
U iconos/lu_contact_128.gif
U iconos/lu_contact_128.png
U iconos/lu_contact_ok_128.gif
U iconos/lu_contact_ok_128.png
U iconos/lu_del_con_nor_24.png
U iconos/lu_dis_first_24.png
U iconos/lu_dis_for_24.gif
U iconos/lu_dis_for_24.png
U iconos/lu_dis_info_24.gif
U iconos/lu_dis_info_24.png
U iconos/lu_dis_last_24.png
U iconos/lu_dis_rew_24.gif
U iconos/lu_dis_rew_24.png
U iconos/lu_diskette_16.png
U iconos/lu_diskette_16_hot.png
U iconos/lu_gear_1_16.png
U iconos/lu_gear_2_128.gif
U iconos/lu_gear_2_128.png
U iconos/lu_gear_2_16.png
U iconos/lu_gear_2_zoom_128.gif
U iconos/lu_gear_2_zoom_128.png
U iconos/lu_group_128.gif
U iconos/lu_group_128.png
U iconos/lu_group_ok_128.gif
U iconos/lu_group_ok_128.png
U iconos/lu_history_128.gif
U iconos/lu_history_128.png
U iconos/lu_hot_first_24.png
U iconos/lu_hot_for_24.gif
U iconos/lu_hot_for_24.png
U iconos/lu_hot_info_24.gif
U iconos/lu_hot_info_24.png
U iconos/lu_hot_last_24.png
U iconos/lu_hot_rew_24.gif
U iconos/lu_hot_rew_24.png
U iconos/lu_inventory_category_128.gif
U iconos/lu_inventory_category_128.png
U iconos/lu_labor_absent_128.gif
U iconos/lu_labor_absent_128.png
U iconos/lu_labor_config_128.gif
U iconos/lu_labor_config_128.png
U iconos/lu_lego_piece_128.gif
U iconos/lu_lego_piece_128.png
U iconos/lu_lego_piece_cancel_ok_128.gif
U iconos/lu_lego_piece_cancel_ok_128.png
U iconos/lu_lego_piece_ok_128.gif
U iconos/lu_lego_piece_ok_128.png
U iconos/lu_list_128.gif
U iconos/lu_list_128.png
U iconos/lu_list_ok_128.gif
U iconos/lu_list_ok_128.png
U iconos/lu_loan_128.gif
U iconos/lu_loan_128.png
U iconos/lu_loan_ok_128.gif
U iconos/lu_loan_ok_128.png
U iconos/lu_mail_box_128.gif
U iconos/lu_mail_box_128.png
U iconos/lu_net_128.gif
U iconos/lu_net_128.png
U iconos/lu_net_ok_128.gif
U iconos/lu_net_ok_128.png
U iconos/lu_nor_blank_12.png
U iconos/lu_nor_fax_32.png
U iconos/lu_nor_first_24.png
U iconos/lu_nor_for_24.gif
U iconos/lu_nor_for_24.png
U iconos/lu_nor_info_24.gif
U iconos/lu_nor_info_24.png
U iconos/lu_nor_last_24.png
U iconos/lu_nor_less_12.png
U iconos/lu_nor_less_32.png
U iconos/lu_nor_mobile_32.png
U iconos/lu_nor_more_12.png
U iconos/lu_nor_more_32.png
U iconos/lu_nor_other_phone_32.png
U iconos/lu_nor_phone_32.png
U iconos/lu_nor_rew_24.gif
U iconos/lu_nor_rew_24.png
U iconos/lu_nurse_128.gif
U iconos/lu_nurse_128.png
U iconos/lu_nurse_ok_128.gif
U iconos/lu_nurse_ok_128.png
U iconos/lu_ok_128.gif
U iconos/lu_ok_128.png
U iconos/lu_ok_16.png
U iconos/lu_provider_128.gif
U iconos/lu_provider_128.png
U iconos/lu_provider_ok_128.gif
U iconos/lu_provider_ok_128.png
U iconos/lu_reward_128.gif
U iconos/lu_reward_128.png
U iconos/lu_reward_reload_128.gif
U iconos/lu_reward_reload_128.png
U iconos/lu_reward_reload_zoom_128.gif
U iconos/lu_reward_reload_zoom_128.png
U iconos/lu_reward_up_128.gif
U iconos/lu_reward_up_128.png
U iconos/lu_role_128.gif
U iconos/lu_role_128.png
U iconos/lu_taxes_zoom_128.gif
U iconos/lu_taxes_zoom_128.png
U iconos/lu_trash_16.png
U iconos/lu_urgent_128.gif
U iconos/lu_urgent_128.png
U iconos/lu_urgent_ok_128.gif
U iconos/lu_urgent_ok_128.png
U iconos/lu_user_wake_128.gif
U iconos/lu_user_wake_128.png
U iconos/lu_user_wake_ok_128.gif
U iconos/lu_user_wake_ok_128.png
U iconos/lu_zoom_16.gif
U iconos/lu_zoom_16.png
U iconos/main_login.gif
U iconos/main_login.jpg
U iconos/main_login.png
U iconos/menu_closed.gif
U iconos/menu_closed.png
U iconos/menu_open.gif
U iconos/menu_open.png
U iconos/menu_title_ess.gif
U iconos/menu_title_ess.png
U iconos/menu_title_mss.gif
U iconos/menu_title_mss.png
U iconos/noimage.png
U iconos/noimagedoc.gif
U iconos/noimagedoc.png
U iconos/noname_ausencias_52_100.gif
U iconos/noname_ausencias_dch_52_100.gif
U iconos/noname_ausencias_empleados_izq_52_100.gif
U iconos/noname_banco_79_100.gif
U iconos/noname_banco_92_125.gif
U iconos/noname_banco_99_125.gif
U iconos/noname_beneficiarios_72_100.gif
U iconos/noname_beneficiarios_91_125.gif
U iconos/noname_busqueda_59_100.gif
U iconos/noname_calendario_123_100.gif
U iconos/noname_cash_comp_100.gif
U iconos/noname_cash_comp_100.png
U iconos/noname_catalogo_124_125.gif
U iconos/noname_catalogo_99_100.gif
U iconos/noname_certificado_57_115.gif
U iconos/noname_certificado_65_125.gif
U iconos/noname_certificado_94_125.gif
U iconos/noname_competencias_mss_82_100.gif
U iconos/noname_competencias_puesto_82_100.gif
U iconos/noname_comunicacion_interna_105_100.gif
U iconos/noname_configuracion_98_125.gif
U iconos/noname_distribucion_86_100.gif
U iconos/noname_domicilio_125_99.gif
U iconos/noname_edificio_121_100.gif
U iconos/noname_edit_benefi_58_85.gif
U iconos/noname_email_ess_89_100.gif
U iconos/noname_ess_100.jpg
U iconos/noname_estado_civil_57_125.gif
U iconos/noname_evalua_cursos_74_100.gif
U iconos/noname_evaluaciones_140_125.gif
U iconos/noname_evaluar_111_125.gif
U iconos/noname_eventos_mss_99_100.gif
U iconos/noname_experiencia_profesional_125_134.gif
U iconos/noname_experiencia_profesional_81_100.gif
U iconos/noname_experto_61_100.gif
U iconos/noname_familia_157_125.gif
U iconos/noname_festivos_154_125.gif
U iconos/noname_formacion_54_125.gif
U iconos/noname_foro_150_100.gif
U iconos/noname_historial_evaluaciones_ess_93_100.gif
U iconos/noname_hombre_50_100.gif
U iconos/noname_hombre_63_125.gif
U iconos/noname_hombre_conocimiento_66_100.gif
U iconos/noname_hombre_derecha_62_125.gif
U iconos/noname_hombre_profesional_48_100.gif
U iconos/noname_idiomas_125_125.gif
U iconos/noname_idiomas_ess_100_100.gif
U iconos/noname_incidencias_65_125.gif
U iconos/noname_incidencias_pequenio_mss_52_100.gif
U iconos/noname_incripciones_formacion_99_100.gif
U iconos/noname_inscripciones_124_125.gif
U iconos/noname_lista_73_120.gif
U iconos/noname_listado_110_125.gif
U iconos/noname_listado_63_80.gif
U iconos/noname_mago_43_80.gif
U iconos/noname_mail_112_125.gif
U iconos/noname_mapa_143_125.gif
U iconos/noname_movilidad_interna.112_125.gif
U iconos/noname_movilidad_interna_derecha_100_100.gif
U iconos/noname_movilidad_interna_izquierda_100_100.gif
U iconos/noname_mss_100.jpg
U iconos/noname_mujer_42_87.gif
U iconos/noname_mujer_53_100.gif
U iconos/noname_mujer_61_125.gif
U iconos/noname_mujer_cajero_73_100.gif
U iconos/noname_mujer_profesional_ess_50_100.gif
U iconos/noname_mujer_profesional_izquierda_50_100.gif
U iconos/noname_my_financial_info_100.gif
U iconos/noname_my_financial_info_100.png
U iconos/noname_my_job_100.gif
U iconos/noname_my_job_100.png
U iconos/noname_my_personal_info_100.gif
U iconos/noname_my_personal_info_100.png
U iconos/noname_my_tools_100.gif
U iconos/noname_my_tools_100.png
U iconos/noname_my_work_time_100.gif
U iconos/noname_my_work_time_100.png
U iconos/noname_objetivos_130_125.gif
U iconos/noname_objetivos_ess_103_100.gif
U iconos/noname_organizacion_145_125.gif
U iconos/noname_organizacion_ess_115_100.gif
U iconos/noname_otras_direcciones_116_100.gif
U iconos/noname_pagas_87_124.gif
U iconos/noname_plan_carrera_133_100.gif
U iconos/noname_plan_de_carrera_167_125.gif
U iconos/noname_plan_formacion_43_100.gif
U iconos/noname_planes_carrera_pequenio_mss_80_100.gif
U iconos/noname_planes_evaluacion_114_100.gif
U iconos/noname_planes_evaluacion_88_100.gif
U iconos/noname_pregunta_47_125.gif
U iconos/noname_proceso_evaluacion_143_125.gif
U iconos/noname_procesos_evaluacion_ess_114_100.gif
U iconos/noname_profesional_60_125.gif
U iconos/noname_profesional_62_125.gif
U iconos/noname_puesto_144_100.gif
U iconos/noname_puesto_181_125.gif
U iconos/noname_puestos_trabajo_mss_ 176_125.gif
U iconos/noname_puestos_trabajo_mss_141_100.gif
U iconos/noname_recibo_72_125.gif
U iconos/noname_recibos_57_100.gif
U iconos/noname_resultados_120_125.gif
U iconos/noname_resultados_evaluacion_ess_100_100.gif
U iconos/noname_salariales_mss_58_100.gif
U iconos/noname_seleccion_115_125.gif
U iconos/noname_socios_93_74.gif
U iconos/noname_solicitar_vacantes_210_100.gif
U iconos/noname_solicitudes_111_125.gif
U iconos/noname_telefono_133_125.gif
U iconos/noname_telefono_ess_107_100.gif
U iconos/noname_tiempo_92_125.gif
U iconos/noname_tiempo_trabajo_ 73_100.gif
U iconos/noname_titulaciones_67_125.gif
U iconos/noname_titulaciones_ess_48_100.gif
U iconos/noname_vacaciones_55_100.gif
U iconos/noname_vacaciones_69_125.gif
U iconos/noname_valida_bancarios_100_100.gif
U iconos/noname_valida_beneficiarios_86_100.gif
U iconos/noname_valida_domicilio_122_100.gif
U iconos/noname_valida_email_79_100.gif
U iconos/noname_valida_evaluaciones_ 71_100.gif
U iconos/noname_valida_experiencia_101_100.gif
U iconos/noname_valida_formacion_62_100.gif
U iconos/noname_valida_idiomas_104_100.gif
U iconos/noname_valida_movilidad_interna_98_100.gif
U iconos/noname_valida_otros_domicilios_100_100.gif
U iconos/noname_valida_telefono_103_100.gif
U iconos/noname_valida_titulaciones_74_100.gif
U iconos/noname_valida_vacaciones_61_100.gif
U iconos/noname_volver_52_44.gif
U iconos/nonmae_procesos_selec_abiertos_80_100.gif
U iconos/ok.gif
U iconos/otros_cursos_70x100.gif
U iconos/otros_cursos_manager_70x100.gif
U iconos/pagina_web_105x100.gif
U iconos/pagina_web_check_105x100.gif
U iconos/pendiente.gif
U iconos/revision_colectiva2.gif
U iconos/roundedcornr_587654_tl.gif
U iconos/save_config.gif
U iconos/search.gif
U iconos/search_20_20.gif
U iconos/select_all.gif
U iconos/send_email.gif
U iconos/sort-AZ.png
U iconos/sort-ZA.png
U iconos/spinner.gif
U iconos/spinner48.gif
U iconos/spinner_rev.gif
U iconos/stripesCycle2.png
U iconos/stripesWeek2.png
U iconos/tree_exp_lineacodo_25_25.gif
U iconos/tree_exp_lineavacia_25_25.gif
U iconos/unselect_all.gif
U iconos/user_2_next_32.gif
U iconos/user_add.png
U iconos/valida-vacaciones.gif
U iconos/wait.gif
U iconos/weekDeb2.png
U iconos/wunits_visibility_36_36.gif
U iconos/english/10097.gif
U iconos/english/M10107.gif
U iconos/english/M10116.gif
U iconos/english/M10118.gif
U iconos/english/M10121.gif
U iconos/english/Solicitud-prestamos-51x100.gif
U iconos/english/Thumbs.db
U iconos/english/admiracion_azul.gif
U iconos/english/admiracion_blanco.gif
U iconos/english/admiracion_grandeazul.gif
U iconos/english/alta_usu.gif
U iconos/english/bg_dude.jpg
U iconos/english/boton_aceptar todos_82_20.gif
U iconos/english/boton_aceptar_52_20.gif
U iconos/english/boton_actualizar_59_20.gif
U iconos/english/boton_borrar_52_20.gif
U iconos/english/boton_buscar_52_20.gif
U iconos/english/boton_cancelar todas_82_20.gif
U iconos/english/boton_crear todas_82_20.gif
U iconos/english/boton_crear_52_20.gif
U iconos/english/boton_deshacer_59_20.gif
U iconos/english/boton_eliminar_59_20.gif
U iconos/english/boton_entrar_52_20.gif
U iconos/english/boton_enviar_52_20.gif
U iconos/english/boton_filtrar_52_20.gif
U iconos/english/boton_limpiar_52_20.gif
U iconos/english/boton_nuevo_52_20.gif
U iconos/english/cabecera.jpg
U iconos/english/eliminar_usu.gif
U iconos/english/entrar_blanco.gif
U iconos/english/entrar_usu.gif
U iconos/english/error.gif
U iconos/english/ess_linea_sup_login.gif
U iconos/english/ess_linea_sup_resto.gif
U iconos/english/ess_logotipo.gif
U iconos/english/exito.gif
U iconos/english/flecha_azul1_ess_11_9.gif
U iconos/english/flecha_azul2_ess_11_9.gif
U iconos/english/flecha_ocre_ess_11_9.gif
U iconos/english/grabar.gif
U iconos/english/ic_compvar_16_16_0.gif
U iconos/english/ic_next_edit_16_16_0.gif
U iconos/english/icon_eliminar_mss_11_12.gif
U iconos/english/icono_ peq _seleccionar_11_9.gif
U iconos/english/icono_abajo_ess_36_36.gif
U iconos/english/icono_aceptar_ess_36_36.gif
U iconos/english/icono_aceptar_ess_58_50.gif
U iconos/english/icono_aceptar_mss_36_36.gif
U iconos/english/icono_aceptar_mss_58_50.gif
U iconos/english/icono_aceptar_todas_36_36.gif
U iconos/english/icono_aceptar_todas_58_50.gif
U iconos/english/icono_aceptar_todas_mss_58_50.gif
U iconos/english/icono_actualizar_mss_36_36.gif
U iconos/english/icono_actualizar_mss_58_50.gif
U iconos/english/icono_aleman_mss_58_50.gif
U iconos/english/icono_alemania_36_36.gif
U iconos/english/icono_alemania_58_50.gif
U iconos/english/icono_alemania_ess_58_50.gif
U iconos/english/icono_alemania_mss_36_36.gif
U iconos/english/icono_anterior_36_36.gif
U iconos/english/icono_anterior_58_50.gif
U iconos/english/icono_anterior_ess_58_50.gif
U iconos/english/icono_anterior_mss_58_50.gif
U iconos/english/icono_barra_509_6.gif
U iconos/english/icono_borrar_16_16.gif
U iconos/english/icono_borrar_mss_36_36.gif
U iconos/english/icono_borrar_mss_58_50.gif
U iconos/english/icono_buscar_ess_36_36.gif
U iconos/english/icono_buscar_ess_58_50.gif
U iconos/english/icono_buscar_mss_36_36.gif
U iconos/english/icono_buscar_mss_58_50.gif
U iconos/english/icono_cabecera_mss_56_402.gif
U iconos/english/icono_cabecera_mss_56_404.gif
U iconos/english/icono_cabecera_sse_56_402.gif
U iconos/english/icono_cabecera_sse_56_404.gif
U iconos/english/icono_cabecera_sse_56_404_AZUL.gif
U iconos/english/icono_calendario_14_18.gif
U iconos/english/icono_cancelar_mss_36_36.gif
U iconos/english/icono_cancelar_mss_58_50.gif
U iconos/english/icono_cancelar_todas_mss_36_36.gif
U iconos/english/icono_cancelar_todas_mss_58_50.gif
U iconos/english/icono_contactos_20_20.gif
U iconos/english/icono_crear_mss_36_36.gif
U iconos/english/icono_crear_todas_mss_36_36.gif
U iconos/english/icono_css_88_31.gif
U iconos/english/icono_deshacer_mss_36_36.gif
U iconos/english/icono_deshacer_todas_mss_36.gif
U iconos/english/icono_down_18_15.gif
U iconos/english/icono_e_mail_ess_11_9.gif
U iconos/english/icono_editar_ favoritos_mss_20_20.gif
U iconos/english/icono_editar_20_20.gif
U iconos/english/icono_editar_favoritos_20_20.gif
U iconos/english/icono_editar_favoritos_ess_20_20.gif
U iconos/english/icono_editar_mss_11_9.gif
U iconos/english/icono_eliminar_ess_11_12.gif
U iconos/english/icono_eliminar_guardar_36_36.gif
U iconos/english/icono_eliminar_mss_36_36.gif
U iconos/english/icono_entrar_ess_36_36.gif
U iconos/english/icono_enviar_ess_36_36.gif
U iconos/english/icono_enviar_ess_58_50.gif
U iconos/english/icono_enviar_mss_36_36.gif
U iconos/english/icono_espana_58_50.gif
U iconos/english/icono_espana_ess_58_50.gif
U iconos/english/icono_españa_36_36.gif
U iconos/english/icono_españa_ess_58_50.gif
U iconos/english/icono_ess_36_36.gif
U iconos/english/icono_filtrar_36_36.gif
U iconos/english/icono_filtrar_58_50.gif
U iconos/english/icono_filtrar_mss_.gif
U iconos/english/icono_flecha2_16_7.gif
U iconos/english/icono_flecha2_ocre_mss_11_9.gif
U iconos/english/icono_flecha_16_7.gif
U iconos/english/icono_flecha_azul1_ess_11_9.gif
U iconos/english/icono_flecha_azul2_ess_11_9.gif
U iconos/english/icono_flecha_ocre_mss_11_9.gif
U iconos/english/icono_formacion_anadir_11_12.gif
U iconos/english/icono_formacion_anadir_todos_22_12.gif
U iconos/english/icono_formacion_eliminar_11_12.gif
U iconos/english/icono_formacion_eliminar_todos_22_12.gif
U iconos/english/icono_france_38_27.gif
U iconos/english/icono_frances_mss_58_50.gif
U iconos/english/icono_francia_36_36.gif
U iconos/english/icono_francia_58_50.gif
U iconos/english/icono_francia_ess_58_50.gif
U iconos/english/icono_francia_mss_36_36.gif
U iconos/english/icono_germany_38_27.gif
U iconos/english/icono_guardar_36_36.gif
U iconos/english/icono_ingles_ess_58_50.gif
U iconos/english/icono_ingles_mss_58_50.gif
U iconos/english/icono_insertar_20_20.gif
U iconos/english/icono_inventario_20_20.gif
U iconos/english/icono_inventario_personas_ess_20_20.gif
U iconos/english/icono_inventario_personas_mss_20_20.gif
U iconos/english/icono_italia_36_36.gif
U iconos/english/icono_italia_58_50.gif
U iconos/english/icono_italia_ess_58_50.gif
U iconos/english/icono_italia_mss_36_36.gif
U iconos/english/icono_italiano_mss_58_50.gif
U iconos/english/icono_italy_38_27.gif
U iconos/english/icono_linea_login2_12_404.gif
U iconos/english/icono_linea_login_12_424.gif
U iconos/english/icono_lista_16_16.gif
U iconos/english/icono_log_off_36_36.gif
U iconos/english/icono_log_off_36_36_old.gif
U iconos/english/icono_log_off_mss_36_36.gif
U iconos/english/icono_mapa_36_36.gif
U iconos/english/icono_mapa_36_36_old.gif
U iconos/english/icono_mapa_ess_58_50.gif
U iconos/english/icono_mapa_mss_36_36.gif
U iconos/english/icono_mapa_mss_58_50.gif
U iconos/english/icono_mismo_36_36.gif
U iconos/english/icono_mismo_50_58.gif
U iconos/english/icono_mismo_58_50.gif
U iconos/english/icono_move_left_31_19.gif
U iconos/english/icono_move_right_31_19.gif
U iconos/english/icono_moveall_left_31_19.gif
U iconos/english/icono_moveall_right_31_19.gif
U iconos/english/icono_mss_36_36.gif
U iconos/english/icono_mss_ess_58_50.gif
U iconos/english/icono_path_16_7.gif
U iconos/english/icono_peq_editar_ess_11_12.gif
U iconos/english/icono_peq_eliminar_ess_11_12.gif
U iconos/english/icono_peq_seleccionar_ess_11_12.gif
U iconos/english/icono_portugal_36_36.gif
U iconos/english/icono_portugal_58_50.gif
U iconos/english/icono_portugal_ess_58_50.gif
U iconos/english/icono_portugal_mss_36_36.gif
U iconos/english/icono_portuges_mss_58_50.gif
U iconos/english/icono_quienesquien_20_20.gif
U iconos/english/icono_seleccion _registro_mss_20_20.gif
U iconos/english/icono_seleccion_registro_20_20.gif
U iconos/english/icono_seleccion_registro_ess_20_20.gif
U iconos/english/icono_seleccionar_11_12.gif
U iconos/english/icono_siguiente_36_36.gif
U iconos/english/icono_siguiente_58_50.gif
U iconos/english/icono_siguiente_ess_36_36.gif
U iconos/english/icono_siguiente_ess_58_50.gif
U iconos/english/icono_siguiente_mss_58_50.gif
U iconos/english/icono_spain_38_27.gif
U iconos/english/icono_uk_36_36.gif
U iconos/english/icono_uk_58_50.gif
U iconos/english/icono_uk_mss_36_36.gif
U iconos/english/icono_unitedkingdom_38_27.gif
U iconos/english/icono_up_18_15.gif
U iconos/english/icono_url_ess.gif
U iconos/english/icono_url_ess_20_20.gif
U iconos/english/icono_url_mss_20_20.gif
U iconos/english/icono_vxhtml10_88_31.gif
U iconos/english/icono_wai_A_88_31.gif
U iconos/english/imprimir.gif
U iconos/english/informacion_azul.gif
U iconos/english/informacion_blanco.gif
U iconos/english/js_anterior.gif
U iconos/english/js_anyadir.gif
U iconos/english/js_bajar.gif
U iconos/english/js_deshacer_filtro.gif
U iconos/english/js_eliminar.gif
U iconos/english/js_eliminar_azul.gif
U iconos/english/js_eliminar_grande.gif
U iconos/english/js_eliminar_peq.gif
U iconos/english/js_email.gif
U iconos/english/js_email_blanco.gif
U iconos/english/js_email_cabecera.gif
U iconos/english/js_filtrar.gif
U iconos/english/js_flecha.gif
U iconos/english/js_linea_divisoria.gif
U iconos/english/js_mi_curriculum.gif
U iconos/english/js_mis_ofertas_de_empleo.gif
U iconos/english/js_nuevo.gif
U iconos/english/js_ofertas_de_empleo.gif
U iconos/english/js_ojos.jpg
U iconos/english/js_password.gif
U iconos/english/js_siguiente.gif
U iconos/english/js_subir.gif
U iconos/english/logo_meta4_pantalla_login_117_35.gif
U iconos/english/logo_meta4_pk_128_43.gif
U iconos/english/logo_meta4_resto_pantallas2_74_12.gif
U iconos/english/logo_meta4_resto_pantallas_73_21.gif
U iconos/english/noname_ausencias_52_100.gif
U iconos/english/noname_ausencias_dch_52_100.gif
U iconos/english/noname_ausencias_empleados_izq_52_100.gif
U iconos/english/noname_banco_79_100.gif
U iconos/english/noname_banco_92_125.gif
U iconos/english/noname_banco_99_125.gif
U iconos/english/noname_beneficiarios_72_100.gif
U iconos/english/noname_beneficiarios_91_125.gif
U iconos/english/noname_calendario_123_100.gif
U iconos/english/noname_catalogo_124_125.gif
U iconos/english/noname_catalogo_99_100.gif
U iconos/english/noname_certificado_65_125.gif
U iconos/english/noname_certificado_94_125.gif
U iconos/english/noname_competencias_mss_82_100.gif
U iconos/english/noname_competencias_puesto_82_100.gif
U iconos/english/noname_configuracion_98_125.gif
U iconos/english/noname_domicilio_125_99.gif
U iconos/english/noname_edificio_121_100.gif
U iconos/english/noname_edit_benefi_58_85.gif
U iconos/english/noname_email_ess_89_100.gif
U iconos/english/noname_estado_civil_57_125.gif
U iconos/english/noname_evalua_cursos_74_100.gif
U iconos/english/noname_evaluaciones_140_125.gif
U iconos/english/noname_evaluar_111_125.gif
U iconos/english/noname_eventos_mss_99_100.gif
U iconos/english/noname_experiencia_profesional_125_134.gif
U iconos/english/noname_experiencia_profesional_81_100.gif
U iconos/english/noname_familia_157_125.gif
U iconos/english/noname_festivos_154_125.gif
U iconos/english/noname_formacion_54_125.gif
U iconos/english/noname_historial_evaluaciones_ess_93_100.gif
U iconos/english/noname_hombre_50_100.gif
U iconos/english/noname_hombre_63_125.gif
U iconos/english/noname_hombre_derecha_62_125.gif
U iconos/english/noname_hombre_profesional_48_100.gif
U iconos/english/noname_idiomas_125_125.gif
U iconos/english/noname_idiomas_ess_100_100.gif
U iconos/english/noname_incidencias_65_125.gif
U iconos/english/noname_incidencias_pequenio_mss_52_100.gif
U iconos/english/noname_incripciones_formacion_99_100.gif
U iconos/english/noname_inscripciones_124_125.gif
U iconos/english/noname_lista_73_120.gif
U iconos/english/noname_listado_110_125.gif
U iconos/english/noname_listado_63_80.gif
U iconos/english/noname_mago_43_80.gif
U iconos/english/noname_mail_112_125.gif
U iconos/english/noname_mapa_143_125.gif
U iconos/english/noname_movilidad_interna.112_125.gif
U iconos/english/noname_movilidad_interna_derecha_100_100.gif
U iconos/english/noname_movilidad_interna_izquierda_100_100.gif
U iconos/english/noname_mujer_42_87.gif
U iconos/english/noname_mujer_53_100.gif
U iconos/english/noname_mujer_61_125.gif
U iconos/english/noname_mujer_cajero_73_100.gif
U iconos/english/noname_mujer_profesional_ess_50_100.gif
U iconos/english/noname_mujer_profesional_izquierda_50_100.gif
U iconos/english/noname_objetivos_130_125.gif
U iconos/english/noname_objetivos_ess_103_100.gif
U iconos/english/noname_organizacion_145_125.gif
U iconos/english/noname_organizacion_ess_115_100.gif
U iconos/english/noname_otras_direcciones_116_100.gif
U iconos/english/noname_pagas_87_124.gif
U iconos/english/noname_plan_carrera_133_100.gif
U iconos/english/noname_plan_de_carrera_167_125.gif
U iconos/english/noname_plan_formacion_43_100.gif
U iconos/english/noname_planes_carrera_pequenio_mss_80_100.gif
U iconos/english/noname_planes_evaluacion_114_100.gif
U iconos/english/noname_planes_evaluacion_88_100.gif
U iconos/english/noname_pregunta_47_125.gif
U iconos/english/noname_proceso_evaluacion_143_125.gif
U iconos/english/noname_procesos_evaluacion_ess_114_100.gif
U iconos/english/noname_profesional_60_125.gif
U iconos/english/noname_profesional_62_125.gif
U iconos/english/noname_puesto_144_100.gif
U iconos/english/noname_puesto_181_125.gif
U iconos/english/noname_puestos_trabajo_mss_ 176_125.gif
U iconos/english/noname_puestos_trabajo_mss_141_100.gif
U iconos/english/noname_recibo_72_125.gif
U iconos/english/noname_recibos_57_100.gif
U iconos/english/noname_resultados_120_125.gif
U iconos/english/noname_resultados_evaluacion_ess_100_100.gif
U iconos/english/noname_salariales_mss_58_100.gif
U iconos/english/noname_seleccion_115_125.gif
U iconos/english/noname_socios_93_74.gif
U iconos/english/noname_solicitar_vacantes_210_100.gif
U iconos/english/noname_solicitudes_111_125.gif
U iconos/english/noname_telefono_133_125.gif
U iconos/english/noname_telefono_ess_107_100.gif
U iconos/english/noname_tiempo_92_125.gif
U iconos/english/noname_tiempo_trabajo_ 73_100.gif
U iconos/english/noname_titulaciones_67_125.gif
U iconos/english/noname_titulaciones_ess_48_100.gif
U iconos/english/noname_vacaciones_55_100.gif
U iconos/english/noname_vacaciones_69_125.gif
U iconos/english/noname_valida_bancarios_100_100.gif
U iconos/english/noname_valida_beneficiarios_86_100.gif
U iconos/english/noname_valida_domicilio_122_100.gif
U iconos/english/noname_valida_email_79_100.gif
U iconos/english/noname_valida_evaluaciones_ 71_100.gif
U iconos/english/noname_valida_experiencia_101_100.gif
U iconos/english/noname_valida_formacion_62_100.gif
U iconos/english/noname_valida_idiomas_104_100.gif
U iconos/english/noname_valida_movilidad_interna_98_100.gif
U iconos/english/noname_valida_otros_domicilios_100_100.gif
U iconos/english/noname_valida_telefono_103_100.gif
U iconos/english/noname_valida_titulaciones_74_100.gif
U iconos/english/noname_valida_vacaciones_61_100.gif
U iconos/english/noname_volver_52_44.gif
U iconos/english/nonmae_procesos_selec_abiertos_80_100.gif
U iconos/english/ok.gif
U iconos/english/valida-vacaciones.gif
U iconos/espanol/10097.gif
U iconos/espanol/M10107.gif
U iconos/espanol/M10116.gif
U iconos/espanol/M10118.gif
U iconos/espanol/M10121.gif
U iconos/espanol/Solicitud-prestamos-51x100.gif
U iconos/espanol/Thumbs.db
U iconos/espanol/admiracion_azul.gif
U iconos/espanol/admiracion_blanco.gif
U iconos/espanol/admiracion_grandeazul.gif
U iconos/espanol/alta_usu.gif
U iconos/espanol/bg_dude.jpg
U iconos/espanol/boton_aceptar todos_82_20.gif
U iconos/espanol/boton_aceptar_52_20.gif
U iconos/espanol/boton_actualizar_59_20.gif
U iconos/espanol/boton_borrar_52_20.gif
U iconos/espanol/boton_buscar_52_20.gif
U iconos/espanol/boton_cancelar todas_82_20.gif
U iconos/espanol/boton_crear todas_82_20.gif
U iconos/espanol/boton_crear_52_20.gif
U iconos/espanol/boton_deshacer_59_20.gif
U iconos/espanol/boton_eliminar_59_20.gif
U iconos/espanol/boton_entrar_52_20.gif
U iconos/espanol/boton_enviar_52_20.gif
U iconos/espanol/boton_filtrar_52_20.gif
U iconos/espanol/boton_limpiar_52_20.gif
U iconos/espanol/boton_nuevo_52_20.gif
U iconos/espanol/cabecera.jpg
U iconos/espanol/eliminar_usu.gif
U iconos/espanol/entrar_blanco.gif
U iconos/espanol/entrar_usu.gif
U iconos/espanol/error.gif
U iconos/espanol/ess_linea_sup_login.gif
U iconos/espanol/ess_linea_sup_resto.gif
U iconos/espanol/ess_logotipo.gif
U iconos/espanol/exito.gif
U iconos/espanol/flecha_azul1_ess_11_9.gif
U iconos/espanol/flecha_azul2_ess_11_9.gif
U iconos/espanol/flecha_ocre_ess_11_9.gif
U iconos/espanol/grabar.gif
U iconos/espanol/ic_compvar_16_16_0.gif
U iconos/espanol/ic_next_edit_16_16_0.gif
U iconos/espanol/icon_eliminar_mss_11_12.gif
U iconos/espanol/icono_ peq _seleccionar_11_9.gif
U iconos/espanol/icono_abajo_ess_36_36.gif
U iconos/espanol/icono_aceptar_ess_36_36.gif
U iconos/espanol/icono_aceptar_ess_58_50.gif
U iconos/espanol/icono_aceptar_mss_36_36.gif
U iconos/espanol/icono_aceptar_mss_58_50.gif
U iconos/espanol/icono_aceptar_todas_36_36.gif
U iconos/espanol/icono_aceptar_todas_58_50.gif
U iconos/espanol/icono_aceptar_todas_mss_58_50.gif
U iconos/espanol/icono_actualizar_mss_36_36.gif
U iconos/espanol/icono_actualizar_mss_58_50.gif
U iconos/espanol/icono_aleman_mss_58_50.gif
U iconos/espanol/icono_alemania_36_36.gif
U iconos/espanol/icono_alemania_58_50.gif
U iconos/espanol/icono_alemania_ess_58_50.gif
U iconos/espanol/icono_alemania_mss_36_36.gif
U iconos/espanol/icono_anterior_36_36.gif
U iconos/espanol/icono_anterior_58_50.gif
U iconos/espanol/icono_anterior_ess_58_50.gif
U iconos/espanol/icono_anterior_mss_58_50.gif
U iconos/espanol/icono_barra_509_6.gif
U iconos/espanol/icono_borrar_16_16.gif
U iconos/espanol/icono_borrar_mss_36_36.gif
U iconos/espanol/icono_borrar_mss_58_50.gif
U iconos/espanol/icono_buscar_ess_36_36.gif
U iconos/espanol/icono_buscar_ess_58_50.gif
U iconos/espanol/icono_buscar_mss_36_36.gif
U iconos/espanol/icono_buscar_mss_58_50.gif
U iconos/espanol/icono_cabecera_mss_56_402.gif
U iconos/espanol/icono_cabecera_mss_56_404.gif
U iconos/espanol/icono_cabecera_sse_56_402.gif
U iconos/espanol/icono_cabecera_sse_56_404.gif
U iconos/espanol/icono_cabecera_sse_56_404_AZUL.gif
U iconos/espanol/icono_calendario_14_18.gif
U iconos/espanol/icono_cancelar_mss_36_36.gif
U iconos/espanol/icono_cancelar_mss_58_50.gif
U iconos/espanol/icono_cancelar_todas_mss_36_36.gif
U iconos/espanol/icono_cancelar_todas_mss_58_50.gif
U iconos/espanol/icono_contactos_20_20.gif
U iconos/espanol/icono_crear_mss_36_36.gif
U iconos/espanol/icono_crear_todas_mss_36_36.gif
U iconos/espanol/icono_css_88_31.gif
U iconos/espanol/icono_deshacer_mss_36_36.gif
U iconos/espanol/icono_deshacer_todas_mss_36.gif
U iconos/espanol/icono_down_18_15.gif
U iconos/espanol/icono_e_mail_ess_11_9.gif
U iconos/espanol/icono_editar_ favoritos_mss_20_20.gif
U iconos/espanol/icono_editar_20_20.gif
U iconos/espanol/icono_editar_favoritos_20_20.gif
U iconos/espanol/icono_editar_favoritos_ess_20_20.gif
U iconos/espanol/icono_editar_mss_11_9.gif
U iconos/espanol/icono_eliminar_ess_11_12.gif
U iconos/espanol/icono_eliminar_guardar_36_36.gif
U iconos/espanol/icono_eliminar_mss_36_36.gif
U iconos/espanol/icono_entrar_ess_36_36.gif
U iconos/espanol/icono_enviar_ess_36_36.gif
U iconos/espanol/icono_enviar_ess_58_50.gif
U iconos/espanol/icono_enviar_mss_36_36.gif
U iconos/espanol/icono_espana_58_50.gif
U iconos/espanol/icono_espana_ess_58_50.gif
U iconos/espanol/icono_españa_36_36.gif
U iconos/espanol/icono_españa_ess_58_50.gif
U iconos/espanol/icono_ess_36_36.gif
U iconos/espanol/icono_filtrar_36_36.gif
U iconos/espanol/icono_filtrar_58_50.gif
U iconos/espanol/icono_filtrar_mss_.gif
U iconos/espanol/icono_flecha2_16_7.gif
U iconos/espanol/icono_flecha2_ocre_mss_11_9.gif
U iconos/espanol/icono_flecha_16_7.gif
U iconos/espanol/icono_flecha_azul1_ess_11_9.gif
U iconos/espanol/icono_flecha_azul2_ess_11_9.gif
U iconos/espanol/icono_flecha_ocre_mss_11_9.gif
U iconos/espanol/icono_formacion_anadir_11_12.gif
U iconos/espanol/icono_formacion_anadir_todos_22_12.gif
U iconos/espanol/icono_formacion_eliminar_11_12.gif
U iconos/espanol/icono_formacion_eliminar_todos_22_12.gif
U iconos/espanol/icono_france_38_27.gif
U iconos/espanol/icono_frances_mss_58_50.gif
U iconos/espanol/icono_francia_36_36.gif
U iconos/espanol/icono_francia_58_50.gif
U iconos/espanol/icono_francia_ess_58_50.gif
U iconos/espanol/icono_francia_mss_36_36.gif
U iconos/espanol/icono_germany_38_27.gif
U iconos/espanol/icono_guardar_36_36.gif
U iconos/espanol/icono_ingles_ess_58_50.gif
U iconos/espanol/icono_ingles_mss_58_50.gif
U iconos/espanol/icono_insertar_20_20.gif
U iconos/espanol/icono_inventario_20_20.gif
U iconos/espanol/icono_inventario_personas_ess_20_20.gif
U iconos/espanol/icono_inventario_personas_mss_20_20.gif
U iconos/espanol/icono_italia_36_36.gif
U iconos/espanol/icono_italia_58_50.gif
U iconos/espanol/icono_italia_ess_58_50.gif
U iconos/espanol/icono_italia_mss_36_36.gif
U iconos/espanol/icono_italiano_mss_58_50.gif
U iconos/espanol/icono_italy_38_27.gif
U iconos/espanol/icono_linea_login2_12_404.gif
U iconos/espanol/icono_linea_login_12_424.gif
U iconos/espanol/icono_lista_16_16.gif
U iconos/espanol/icono_log_off_36_36.gif
U iconos/espanol/icono_log_off_36_36_old.gif
U iconos/espanol/icono_log_off_mss_36_36.gif
U iconos/espanol/icono_mapa_36_36.gif
U iconos/espanol/icono_mapa_36_36_old.gif
U iconos/espanol/icono_mapa_ess_58_50.gif
U iconos/espanol/icono_mapa_mss_36_36.gif
U iconos/espanol/icono_mapa_mss_58_50.gif
U iconos/espanol/icono_mismo_36_36.gif
U iconos/espanol/icono_mismo_50_58.gif
U iconos/espanol/icono_mismo_58_50.gif
U iconos/espanol/icono_move_left_31_19.gif
U iconos/espanol/icono_move_right_31_19.gif
U iconos/espanol/icono_moveall_left_31_19.gif
U iconos/espanol/icono_moveall_right_31_19.gif
U iconos/espanol/icono_mss_36_36.gif
U iconos/espanol/icono_mss_ess_58_50.gif
U iconos/espanol/icono_path_16_7.gif
U iconos/espanol/icono_peq_editar_ess_11_12.gif
U iconos/espanol/icono_peq_eliminar_ess_11_12.gif
U iconos/espanol/icono_peq_seleccionar_ess_11_12.gif
U iconos/espanol/icono_portugal_36_36.gif
U iconos/espanol/icono_portugal_58_50.gif
U iconos/espanol/icono_portugal_ess_58_50.gif
U iconos/espanol/icono_portugal_mss_36_36.gif
U iconos/espanol/icono_portuges_mss_58_50.gif
U iconos/espanol/icono_quienesquien_20_20.gif
U iconos/espanol/icono_seleccion _registro_mss_20_20.gif
U iconos/espanol/icono_seleccion_registro_20_20.gif
U iconos/espanol/icono_seleccion_registro_ess_20_20.gif
U iconos/espanol/icono_seleccionar_11_12.gif
U iconos/espanol/icono_siguiente_36_36.gif
U iconos/espanol/icono_siguiente_58_50.gif
U iconos/espanol/icono_siguiente_ess_36_36.gif
U iconos/espanol/icono_siguiente_ess_58_50.gif
U iconos/espanol/icono_siguiente_mss_58_50.gif
U iconos/espanol/icono_spain_38_27.gif
U iconos/espanol/icono_uk_36_36.gif
U iconos/espanol/icono_uk_58_50.gif
U iconos/espanol/icono_uk_mss_36_36.gif
U iconos/espanol/icono_unitedkingdom_38_27.gif
U iconos/espanol/icono_up_18_15.gif
U iconos/espanol/icono_url_ess.gif
U iconos/espanol/icono_url_ess_20_20.gif
U iconos/espanol/icono_url_mss_20_20.gif
U iconos/espanol/icono_vxhtml10_88_31.gif
U iconos/espanol/icono_wai_A_88_31.gif
U iconos/espanol/imprimir.gif
U iconos/espanol/informacion_azul.gif
U iconos/espanol/informacion_blanco.gif
U iconos/espanol/js_anterior.gif
U iconos/espanol/js_anyadir.gif
U iconos/espanol/js_bajar.gif
U iconos/espanol/js_deshacer_filtro.gif
U iconos/espanol/js_eliminar.gif
U iconos/espanol/js_eliminar_azul.gif
U iconos/espanol/js_eliminar_grande.gif
U iconos/espanol/js_eliminar_peq.gif
U iconos/espanol/js_email.gif
U iconos/espanol/js_email_blanco.gif
U iconos/espanol/js_email_cabecera.gif
U iconos/espanol/js_filtrar.gif
U iconos/espanol/js_flecha.gif
U iconos/espanol/js_linea_divisoria.gif
U iconos/espanol/js_mi_curriculum.gif
U iconos/espanol/js_mis_ofertas_de_empleo.gif
U iconos/espanol/js_nuevo.gif
U iconos/espanol/js_ofertas_de_empleo.gif
U iconos/espanol/js_ojos.jpg
U iconos/espanol/js_password.gif
U iconos/espanol/js_siguiente.gif
U iconos/espanol/js_subir.gif
U iconos/espanol/logo_meta4_pantalla_login_117_35.gif
U iconos/espanol/logo_meta4_pk_128_43.gif
U iconos/espanol/logo_meta4_resto_pantallas2_74_12.gif
U iconos/espanol/logo_meta4_resto_pantallas_73_21.gif
U iconos/espanol/noname_ausencias_52_100.gif
U iconos/espanol/noname_ausencias_dch_52_100.gif
U iconos/espanol/noname_ausencias_empleados_izq_52_100.gif
U iconos/espanol/noname_banco_79_100.gif
U iconos/espanol/noname_banco_92_125.gif
U iconos/espanol/noname_banco_99_125.gif
U iconos/espanol/noname_beneficiarios_72_100.gif
U iconos/espanol/noname_beneficiarios_91_125.gif
U iconos/espanol/noname_calendario_123_100.gif
U iconos/espanol/noname_catalogo_124_125.gif
U iconos/espanol/noname_catalogo_99_100.gif
U iconos/espanol/noname_certificado_65_125.gif
U iconos/espanol/noname_certificado_94_125.gif
U iconos/espanol/noname_competencias_mss_82_100.gif
U iconos/espanol/noname_competencias_puesto_82_100.gif
U iconos/espanol/noname_configuracion_98_125.gif
U iconos/espanol/noname_domicilio_125_99.gif
U iconos/espanol/noname_edificio_121_100.gif
U iconos/espanol/noname_edit_benefi_58_85.gif
U iconos/espanol/noname_email_ess_89_100.gif
U iconos/espanol/noname_estado_civil_57_125.gif
U iconos/espanol/noname_evalua_cursos_74_100.gif
U iconos/espanol/noname_evaluaciones_140_125.gif
U iconos/espanol/noname_evaluar_111_125.gif
U iconos/espanol/noname_eventos_mss_99_100.gif
U iconos/espanol/noname_experiencia_profesional_125_134.gif
U iconos/espanol/noname_experiencia_profesional_81_100.gif
U iconos/espanol/noname_familia_157_125.gif
U iconos/espanol/noname_festivos_154_125.gif
U iconos/espanol/noname_formacion_54_125.gif
U iconos/espanol/noname_historial_evaluaciones_ess_93_100.gif
U iconos/espanol/noname_hombre_50_100.gif
U iconos/espanol/noname_hombre_63_125.gif
U iconos/espanol/noname_hombre_derecha_62_125.gif
U iconos/espanol/noname_hombre_profesional_48_100.gif
U iconos/espanol/noname_idiomas_125_125.gif
U iconos/espanol/noname_idiomas_ess_100_100.gif
U iconos/espanol/noname_incidencias_65_125.gif
U iconos/espanol/noname_incidencias_pequenio_mss_52_100.gif
U iconos/espanol/noname_incripciones_formacion_99_100.gif
U iconos/espanol/noname_inscripciones_124_125.gif
U iconos/espanol/noname_lista_73_120.gif
U iconos/espanol/noname_listado_110_125.gif
U iconos/espanol/noname_listado_63_80.gif
U iconos/espanol/noname_mago_43_80.gif
U iconos/espanol/noname_mail_112_125.gif
U iconos/espanol/noname_mapa_143_125.gif
U iconos/espanol/noname_movilidad_interna.112_125.gif
U iconos/espanol/noname_movilidad_interna_derecha_100_100.gif
U iconos/espanol/noname_movilidad_interna_izquierda_100_100.gif
U iconos/espanol/noname_mujer_42_87.gif
U iconos/espanol/noname_mujer_53_100.gif
U iconos/espanol/noname_mujer_61_125.gif
U iconos/espanol/noname_mujer_cajero_73_100.gif
U iconos/espanol/noname_mujer_profesional_ess_50_100.gif
U iconos/espanol/noname_mujer_profesional_izquierda_50_100.gif
U iconos/espanol/noname_objetivos_130_125.gif
U iconos/espanol/noname_objetivos_ess_103_100.gif
U iconos/espanol/noname_organizacion_145_125.gif
U iconos/espanol/noname_organizacion_ess_115_100.gif
U iconos/espanol/noname_otras_direcciones_116_100.gif
U iconos/espanol/noname_pagas_87_124.gif
U iconos/espanol/noname_plan_carrera_133_100.gif
U iconos/espanol/noname_plan_de_carrera_167_125.gif
U iconos/espanol/noname_plan_formacion_43_100.gif
U iconos/espanol/noname_planes_carrera_pequenio_mss_80_100.gif
U iconos/espanol/noname_planes_evaluacion_114_100.gif
U iconos/espanol/noname_planes_evaluacion_88_100.gif
U iconos/espanol/noname_pregunta_47_125.gif
U iconos/espanol/noname_proceso_evaluacion_143_125.gif
U iconos/espanol/noname_procesos_evaluacion_ess_114_100.gif
U iconos/espanol/noname_profesional_60_125.gif
U iconos/espanol/noname_profesional_62_125.gif
U iconos/espanol/noname_puesto_144_100.gif
U iconos/espanol/noname_puesto_181_125.gif
U iconos/espanol/noname_puestos_trabajo_mss_ 176_125.gif
U iconos/espanol/noname_puestos_trabajo_mss_141_100.gif
U iconos/espanol/noname_recibo_72_125.gif
U iconos/espanol/noname_recibos_57_100.gif
U iconos/espanol/noname_resultados_120_125.gif
U iconos/espanol/noname_resultados_evaluacion_ess_100_100.gif
U iconos/espanol/noname_salariales_mss_58_100.gif
U iconos/espanol/noname_seleccion_115_125.gif
U iconos/espanol/noname_socios_93_74.gif
U iconos/espanol/noname_solicitar_vacantes_210_100.gif
U iconos/espanol/noname_solicitudes_111_125.gif
U iconos/espanol/noname_telefono_133_125.gif
U iconos/espanol/noname_telefono_ess_107_100.gif
U iconos/espanol/noname_tiempo_92_125.gif
U iconos/espanol/noname_tiempo_trabajo_ 73_100.gif
U iconos/espanol/noname_titulaciones_67_125.gif
U iconos/espanol/noname_titulaciones_ess_48_100.gif
U iconos/espanol/noname_vacaciones_55_100.gif
U iconos/espanol/noname_vacaciones_69_125.gif
U iconos/espanol/noname_valida_bancarios_100_100.gif
U iconos/espanol/noname_valida_beneficiarios_86_100.gif
U iconos/espanol/noname_valida_domicilio_122_100.gif
U iconos/espanol/noname_valida_email_79_100.gif
U iconos/espanol/noname_valida_evaluaciones_ 71_100.gif
U iconos/espanol/noname_valida_experiencia_101_100.gif
U iconos/espanol/noname_valida_formacion_62_100.gif
U iconos/espanol/noname_valida_idiomas_104_100.gif
U iconos/espanol/noname_valida_movilidad_interna_98_100.gif
U iconos/espanol/noname_valida_otros_domicilios_100_100.gif
U iconos/espanol/noname_valida_telefono_103_100.gif
U iconos/espanol/noname_valida_titulaciones_74_100.gif
U iconos/espanol/noname_valida_vacaciones_61_100.gif
U iconos/espanol/noname_volver_52_44.gif
U iconos/espanol/nonmae_procesos_selec_abiertos_80_100.gif
U iconos/espanol/ok.gif
U iconos/espanol/valida-vacaciones.gif
U iconos/francais/10097.gif
U iconos/francais/M10107.gif
U iconos/francais/M10116.gif
U iconos/francais/M10118.gif
U iconos/francais/M10121.gif
U iconos/francais/Solicitud-prestamos-51x100.gif
U iconos/francais/Thumbs.db
U iconos/francais/admiracion_azul.gif
U iconos/francais/admiracion_blanco.gif
U iconos/francais/admiracion_grandeazul.gif
U iconos/francais/alta_usu.gif
U iconos/francais/bg_dude.jpg
U iconos/francais/boton_aceptar todos_82_20.gif
U iconos/francais/boton_aceptar_52_20.gif
U iconos/francais/boton_actualizar_59_20.gif
U iconos/francais/boton_borrar_52_20.gif
U iconos/francais/boton_buscar_52_20.gif
U iconos/francais/boton_cancelar todas_82_20.gif
U iconos/francais/boton_crear todas_82_20.gif
U iconos/francais/boton_crear_52_20.gif
U iconos/francais/boton_deshacer_59_20.gif
U iconos/francais/boton_eliminar_59_20.gif
U iconos/francais/boton_entrar_52_20.gif
U iconos/francais/boton_enviar_52_20.gif
U iconos/francais/boton_filtrar_52_20.gif
U iconos/francais/boton_limpiar_52_20.gif
U iconos/francais/boton_nuevo_52_20.gif
U iconos/francais/cabecera.jpg
U iconos/francais/eliminar_usu.gif
U iconos/francais/entrar_blanco.gif
U iconos/francais/entrar_usu.gif
U iconos/francais/error.gif
U iconos/francais/ess_linea_sup_login.gif
U iconos/francais/ess_linea_sup_resto.gif
U iconos/francais/ess_logotipo.gif
U iconos/francais/exito.gif
U iconos/francais/flecha_azul1_ess_11_9.gif
U iconos/francais/flecha_azul2_ess_11_9.gif
U iconos/francais/flecha_ocre_ess_11_9.gif
U iconos/francais/grabar.gif
U iconos/francais/ic_compvar_16_16_0.gif
U iconos/francais/ic_next_edit_16_16_0.gif
U iconos/francais/icon_eliminar_mss_11_12.gif
U iconos/francais/icono_ peq _seleccionar_11_9.gif
U iconos/francais/icono_abajo_ess_36_36.gif
U iconos/francais/icono_aceptar_ess_36_36.gif
U iconos/francais/icono_aceptar_ess_58_50.gif
U iconos/francais/icono_aceptar_mss_36_36.gif
U iconos/francais/icono_aceptar_mss_58_50.gif
U iconos/francais/icono_aceptar_todas_36_36.gif
U iconos/francais/icono_aceptar_todas_58_50.gif
U iconos/francais/icono_aceptar_todas_mss_58_50.gif
U iconos/francais/icono_actualizar_mss_36_36.gif
U iconos/francais/icono_actualizar_mss_58_50.gif
U iconos/francais/icono_aleman_mss_58_50.gif
U iconos/francais/icono_alemania_36_36.gif
U iconos/francais/icono_alemania_58_50.gif
U iconos/francais/icono_alemania_ess_58_50.gif
U iconos/francais/icono_alemania_mss_36_36.gif
U iconos/francais/icono_anterior_36_36.gif
U iconos/francais/icono_anterior_58_50.gif
U iconos/francais/icono_anterior_ess_58_50.gif
U iconos/francais/icono_anterior_mss_58_50.gif
U iconos/francais/icono_barra_509_6.gif
U iconos/francais/icono_borrar_16_16.gif
U iconos/francais/icono_borrar_mss_36_36.gif
U iconos/francais/icono_borrar_mss_58_50.gif
U iconos/francais/icono_buscar_ess_36_36.gif
U iconos/francais/icono_buscar_ess_58_50.gif
U iconos/francais/icono_buscar_mss_36_36.gif
U iconos/francais/icono_buscar_mss_58_50.gif
U iconos/francais/icono_cabecera_mss_56_402.gif
U iconos/francais/icono_cabecera_mss_56_404.gif
U iconos/francais/icono_cabecera_sse_56_402.gif
U iconos/francais/icono_cabecera_sse_56_404.gif
U iconos/francais/icono_cabecera_sse_56_404_AZUL.gif
U iconos/francais/icono_calendario_14_18.gif
U iconos/francais/icono_cancelar_mss_36_36.gif
U iconos/francais/icono_cancelar_mss_58_50.gif
U iconos/francais/icono_cancelar_todas_mss_36_36.gif
U iconos/francais/icono_cancelar_todas_mss_58_50.gif
U iconos/francais/icono_contactos_20_20.gif
U iconos/francais/icono_crear_mss_36_36.gif
U iconos/francais/icono_crear_todas_mss_36_36.gif
U iconos/francais/icono_css_88_31.gif
U iconos/francais/icono_deshacer_mss_36_36.gif
U iconos/francais/icono_deshacer_todas_mss_36.gif
U iconos/francais/icono_down_18_15.gif
U iconos/francais/icono_e_mail_ess_11_9.gif
U iconos/francais/icono_editar_ favoritos_mss_20_20.gif
U iconos/francais/icono_editar_20_20.gif
U iconos/francais/icono_editar_favoritos_20_20.gif
U iconos/francais/icono_editar_favoritos_ess_20_20.gif
U iconos/francais/icono_editar_mss_11_9.gif
U iconos/francais/icono_eliminar_ess_11_12.gif
U iconos/francais/icono_eliminar_guardar_36_36.gif
U iconos/francais/icono_eliminar_mss_36_36.gif
U iconos/francais/icono_entrar_ess_36_36.gif
U iconos/francais/icono_enviar_ess_36_36.gif
U iconos/francais/icono_enviar_ess_58_50.gif
U iconos/francais/icono_enviar_mss_36_36.gif
U iconos/francais/icono_espana_58_50.gif
U iconos/francais/icono_espana_ess_58_50.gif
U iconos/francais/icono_españa_36_36.gif
U iconos/francais/icono_españa_ess_58_50.gif
U iconos/francais/icono_ess_36_36.gif
U iconos/francais/icono_filtrar_36_36.gif
U iconos/francais/icono_filtrar_58_50.gif
U iconos/francais/icono_filtrar_mss_.gif
U iconos/francais/icono_flecha2_16_7.gif
U iconos/francais/icono_flecha2_ocre_mss_11_9.gif
U iconos/francais/icono_flecha_16_7.gif
U iconos/francais/icono_flecha_azul1_ess_11_9.gif
U iconos/francais/icono_flecha_azul2_ess_11_9.gif
U iconos/francais/icono_flecha_ocre_mss_11_9.gif
U iconos/francais/icono_formacion_anadir_11_12.gif
U iconos/francais/icono_formacion_anadir_todos_22_12.gif
U iconos/francais/icono_formacion_eliminar_11_12.gif
U iconos/francais/icono_formacion_eliminar_todos_22_12.gif
U iconos/francais/icono_france_38_27.gif
U iconos/francais/icono_frances_mss_58_50.gif
U iconos/francais/icono_francia_36_36.gif
U iconos/francais/icono_francia_58_50.gif
U iconos/francais/icono_francia_ess_58_50.gif
U iconos/francais/icono_francia_mss_36_36.gif
U iconos/francais/icono_germany_38_27.gif
U iconos/francais/icono_guardar_36_36.gif
U iconos/francais/icono_ingles_ess_58_50.gif
U iconos/francais/icono_ingles_mss_58_50.gif
U iconos/francais/icono_insertar_20_20.gif
U iconos/francais/icono_inventario_20_20.gif
U iconos/francais/icono_inventario_personas_ess_20_20.gif
U iconos/francais/icono_inventario_personas_mss_20_20.gif
U iconos/francais/icono_italia_36_36.gif
U iconos/francais/icono_italia_58_50.gif
U iconos/francais/icono_italia_ess_58_50.gif
U iconos/francais/icono_italia_mss_36_36.gif
U iconos/francais/icono_italiano_mss_58_50.gif
U iconos/francais/icono_italy_38_27.gif
U iconos/francais/icono_linea_login2_12_404.gif
U iconos/francais/icono_linea_login_12_424.gif
U iconos/francais/icono_lista_16_16.gif
U iconos/francais/icono_log_off_36_36.gif
U iconos/francais/icono_log_off_36_36_old.gif
U iconos/francais/icono_log_off_mss_36_36.gif
U iconos/francais/icono_mapa_36_36.gif
U iconos/francais/icono_mapa_36_36_old.gif
U iconos/francais/icono_mapa_ess_58_50.gif
U iconos/francais/icono_mapa_mss_36_36.gif
U iconos/francais/icono_mapa_mss_58_50.gif
U iconos/francais/icono_mismo_36_36.gif
U iconos/francais/icono_mismo_50_58.gif
U iconos/francais/icono_mismo_58_50.gif
U iconos/francais/icono_move_left_31_19.gif
U iconos/francais/icono_move_right_31_19.gif
U iconos/francais/icono_moveall_left_31_19.gif
U iconos/francais/icono_moveall_right_31_19.gif
U iconos/francais/icono_mss_36_36.gif
U iconos/francais/icono_mss_ess_58_50.gif
U iconos/francais/icono_path_16_7.gif
U iconos/francais/icono_peq_editar_ess_11_12.gif
U iconos/francais/icono_peq_eliminar_ess_11_12.gif
U iconos/francais/icono_peq_seleccionar_ess_11_12.gif
U iconos/francais/icono_portugal_36_36.gif
U iconos/francais/icono_portugal_58_50.gif
U iconos/francais/icono_portugal_ess_58_50.gif
U iconos/francais/icono_portugal_mss_36_36.gif
U iconos/francais/icono_portuges_mss_58_50.gif
U iconos/francais/icono_quienesquien_20_20.gif
U iconos/francais/icono_seleccion _registro_mss_20_20.gif
U iconos/francais/icono_seleccion_registro_20_20.gif
U iconos/francais/icono_seleccion_registro_ess_20_20.gif
U iconos/francais/icono_seleccionar_11_12.gif
U iconos/francais/icono_siguiente_36_36.gif
U iconos/francais/icono_siguiente_58_50.gif
U iconos/francais/icono_siguiente_ess_36_36.gif
U iconos/francais/icono_siguiente_ess_58_50.gif
U iconos/francais/icono_siguiente_mss_58_50.gif
U iconos/francais/icono_spain_38_27.gif
U iconos/francais/icono_uk_36_36.gif
U iconos/francais/icono_uk_58_50.gif
U iconos/francais/icono_uk_mss_36_36.gif
U iconos/francais/icono_unitedkingdom_38_27.gif
U iconos/francais/icono_up_18_15.gif
U iconos/francais/icono_url_ess.gif
U iconos/francais/icono_url_ess_20_20.gif
U iconos/francais/icono_url_mss_20_20.gif
U iconos/francais/icono_vxhtml10_88_31.gif
U iconos/francais/icono_wai_A_88_31.gif
U iconos/francais/imprimir.gif
U iconos/francais/informacion_azul.gif
U iconos/francais/informacion_blanco.gif
U iconos/francais/js_anterior.gif
U iconos/francais/js_anyadir.gif
U iconos/francais/js_bajar.gif
U iconos/francais/js_deshacer_filtro.gif
U iconos/francais/js_eliminar.gif
U iconos/francais/js_eliminar_azul.gif
U iconos/francais/js_eliminar_grande.gif
U iconos/francais/js_eliminar_peq.gif
U iconos/francais/js_email.gif
U iconos/francais/js_email_blanco.gif
U iconos/francais/js_email_cabecera.gif
U iconos/francais/js_filtrar.gif
U iconos/francais/js_flecha.gif
U iconos/francais/js_linea_divisoria.gif
U iconos/francais/js_mi_curriculum.gif
U iconos/francais/js_mis_ofertas_de_empleo.gif
U iconos/francais/js_nuevo.gif
U iconos/francais/js_ofertas_de_empleo.gif
U iconos/francais/js_ojos.jpg
U iconos/francais/js_password.gif
U iconos/francais/js_siguiente.gif
U iconos/francais/js_subir.gif
U iconos/francais/logo_meta4_pantalla_login_117_35.gif
U iconos/francais/logo_meta4_pk_128_43.gif
U iconos/francais/logo_meta4_resto_pantallas2_74_12.gif
U iconos/francais/logo_meta4_resto_pantallas_73_21.gif
U iconos/francais/noname_ausencias_52_100.gif
U iconos/francais/noname_ausencias_dch_52_100.gif
U iconos/francais/noname_ausencias_empleados_izq_52_100.gif
U iconos/francais/noname_banco_79_100.gif
U iconos/francais/noname_banco_92_125.gif
U iconos/francais/noname_banco_99_125.gif
U iconos/francais/noname_beneficiarios_72_100.gif
U iconos/francais/noname_beneficiarios_91_125.gif
U iconos/francais/noname_calendario_123_100.gif
U iconos/francais/noname_catalogo_124_125.gif
U iconos/francais/noname_catalogo_99_100.gif
U iconos/francais/noname_certificado_65_125.gif
U iconos/francais/noname_certificado_94_125.gif
U iconos/francais/noname_competencias_mss_82_100.gif
U iconos/francais/noname_competencias_puesto_82_100.gif
U iconos/francais/noname_configuracion_98_125.gif
U iconos/francais/noname_domicilio_125_99.gif
U iconos/francais/noname_edificio_121_100.gif
U iconos/francais/noname_edit_benefi_58_85.gif
U iconos/francais/noname_email_ess_89_100.gif
U iconos/francais/noname_estado_civil_57_125.gif
U iconos/francais/noname_evalua_cursos_74_100.gif
U iconos/francais/noname_evaluaciones_140_125.gif
U iconos/francais/noname_evaluar_111_125.gif
U iconos/francais/noname_eventos_mss_99_100.gif
U iconos/francais/noname_experiencia_profesional_125_134.gif
U iconos/francais/noname_experiencia_profesional_81_100.gif
U iconos/francais/noname_familia_157_125.gif
U iconos/francais/noname_festivos_154_125.gif
U iconos/francais/noname_formacion_54_125.gif
U iconos/francais/noname_historial_evaluaciones_ess_93_100.gif
U iconos/francais/noname_hombre_50_100.gif
U iconos/francais/noname_hombre_63_125.gif
U iconos/francais/noname_hombre_derecha_62_125.gif
U iconos/francais/noname_hombre_profesional_48_100.gif
U iconos/francais/noname_idiomas_125_125.gif
U iconos/francais/noname_idiomas_ess_100_100.gif
U iconos/francais/noname_incidencias_65_125.gif
U iconos/francais/noname_incidencias_pequenio_mss_52_100.gif
U iconos/francais/noname_incripciones_formacion_99_100.gif
U iconos/francais/noname_inscripciones_124_125.gif
U iconos/francais/noname_lista_73_120.gif
U iconos/francais/noname_listado_110_125.gif
U iconos/francais/noname_listado_63_80.gif
U iconos/francais/noname_mago_43_80.gif
U iconos/francais/noname_mail_112_125.gif
U iconos/francais/noname_mapa_143_125.gif
U iconos/francais/noname_movilidad_interna.112_125.gif
U iconos/francais/noname_movilidad_interna_derecha_100_100.gif
U iconos/francais/noname_movilidad_interna_izquierda_100_100.gif
U iconos/francais/noname_mujer_42_87.gif
U iconos/francais/noname_mujer_53_100.gif
U iconos/francais/noname_mujer_61_125.gif
U iconos/francais/noname_mujer_cajero_73_100.gif
U iconos/francais/noname_mujer_profesional_ess_50_100.gif
U iconos/francais/noname_mujer_profesional_izquierda_50_100.gif
U iconos/francais/noname_objetivos_130_125.gif
U iconos/francais/noname_objetivos_ess_103_100.gif
U iconos/francais/noname_organizacion_145_125.gif
U iconos/francais/noname_organizacion_ess_115_100.gif
U iconos/francais/noname_otras_direcciones_116_100.gif
U iconos/francais/noname_pagas_87_124.gif
U iconos/francais/noname_plan_carrera_133_100.gif
U iconos/francais/noname_plan_de_carrera_167_125.gif
U iconos/francais/noname_plan_formacion_43_100.gif
U iconos/francais/noname_planes_carrera_pequenio_mss_80_100.gif
U iconos/francais/noname_planes_evaluacion_114_100.gif
U iconos/francais/noname_planes_evaluacion_88_100.gif
U iconos/francais/noname_pregunta_47_125.gif
U iconos/francais/noname_proceso_evaluacion_143_125.gif
U iconos/francais/noname_procesos_evaluacion_ess_114_100.gif
U iconos/francais/noname_profesional_60_125.gif
U iconos/francais/noname_profesional_62_125.gif
U iconos/francais/noname_puesto_144_100.gif
U iconos/francais/noname_puesto_181_125.gif
U iconos/francais/noname_puestos_trabajo_mss_ 176_125.gif
U iconos/francais/noname_puestos_trabajo_mss_141_100.gif
U iconos/francais/noname_recibo_72_125.gif
U iconos/francais/noname_recibos_57_100.gif
U iconos/francais/noname_resultados_120_125.gif
U iconos/francais/noname_resultados_evaluacion_ess_100_100.gif
U iconos/francais/noname_salariales_mss_58_100.gif
U iconos/francais/noname_seleccion_115_125.gif
U iconos/francais/noname_socios_93_74.gif
U iconos/francais/noname_solicitar_vacantes_210_100.gif
U iconos/francais/noname_solicitudes_111_125.gif
U iconos/francais/noname_telefono_133_125.gif
U iconos/francais/noname_telefono_ess_107_100.gif
U iconos/francais/noname_tiempo_92_125.gif
U iconos/francais/noname_tiempo_trabajo_ 73_100.gif
U iconos/francais/noname_titulaciones_67_125.gif
U iconos/francais/noname_titulaciones_ess_48_100.gif
U iconos/francais/noname_vacaciones_55_100.gif
U iconos/francais/noname_vacaciones_69_125.gif
U iconos/francais/noname_valida_bancarios_100_100.gif
U iconos/francais/noname_valida_beneficiarios_86_100.gif
U iconos/francais/noname_valida_domicilio_122_100.gif
U iconos/francais/noname_valida_email_79_100.gif
U iconos/francais/noname_valida_evaluaciones_ 71_100.gif
U iconos/francais/noname_valida_experiencia_101_100.gif
U iconos/francais/noname_valida_formacion_62_100.gif
U iconos/francais/noname_valida_idiomas_104_100.gif
U iconos/francais/noname_valida_movilidad_interna_98_100.gif
U iconos/francais/noname_valida_otros_domicilios_100_100.gif
U iconos/francais/noname_valida_telefono_103_100.gif
U iconos/francais/noname_valida_titulaciones_74_100.gif
U iconos/francais/noname_valida_vacaciones_61_100.gif
U iconos/francais/noname_volver_52_44.gif
U iconos/francais/nonmae_procesos_selec_abiertos_80_100.gif
U iconos/francais/ok.gif
U iconos/francais/valida-vacaciones.gif
U iconos/portugues/10097.gif
U iconos/portugues/M10107.gif
U iconos/portugues/M10116.gif
U iconos/portugues/M10118.gif
U iconos/portugues/M10121.gif
U iconos/portugues/Solicitud-prestamos-51x100.gif
U iconos/portugues/Thumbs.db
U iconos/portugues/admiracion_azul.gif
U iconos/portugues/admiracion_blanco.gif
U iconos/portugues/admiracion_grandeazul.gif
U iconos/portugues/alta_usu.gif
U iconos/portugues/bg_dude.jpg
U iconos/portugues/boton_aceptar todos_82_20.gif
U iconos/portugues/boton_aceptar_52_20.gif
U iconos/portugues/boton_actualizar_59_20.gif
U iconos/portugues/boton_borrar_52_20.gif
U iconos/portugues/boton_buscar_52_20.gif
U iconos/portugues/boton_buscar_62_20.gif
U iconos/portugues/boton_cancelar todas_82_20.gif
U iconos/portugues/boton_crear todas_82_20.gif
U iconos/portugues/boton_crear-todas_82_20.gif
U iconos/portugues/boton_crear_52_20.gif
U iconos/portugues/boton_deshacer_59_20.gif
U iconos/portugues/boton_eliminar_59_20.gif
U iconos/portugues/boton_entrar_52_20.gif
U iconos/portugues/boton_enviar_52_20.gif
U iconos/portugues/boton_filtrar_52_20.gif
U iconos/portugues/boton_limpiar_52_20.gif
U iconos/portugues/boton_nuevo_52_20.gif
U iconos/portugues/cabecera.jpg
U iconos/portugues/eliminar_usu.gif
U iconos/portugues/entrar_blanco.gif
U iconos/portugues/entrar_usu.gif
U iconos/portugues/error.gif
U iconos/portugues/ess_linea_sup_login.gif
U iconos/portugues/ess_linea_sup_resto.gif
U iconos/portugues/ess_logotipo.gif
U iconos/portugues/exito.gif
U iconos/portugues/flecha_azul1_ess_11_9.gif
U iconos/portugues/flecha_azul2_ess_11_9.gif
U iconos/portugues/flecha_ocre_ess_11_9.gif
U iconos/portugues/grabar.gif
U iconos/portugues/ic_compvar_16_16_0.gif
U iconos/portugues/ic_next_edit_16_16_0.gif
U iconos/portugues/icon_eliminar_mss_11_12.gif
U iconos/portugues/icono_ peq _seleccionar_11_9.gif
U iconos/portugues/icono_abajo_ess_36_36.gif
U iconos/portugues/icono_aceptar_ess_36_36.gif
U iconos/portugues/icono_aceptar_ess_58_50.gif
U iconos/portugues/icono_aceptar_mss_36_36.gif
U iconos/portugues/icono_aceptar_mss_58_50.gif
U iconos/portugues/icono_aceptar_todas_36_36.gif
U iconos/portugues/icono_aceptar_todas_58_50.gif
U iconos/portugues/icono_aceptar_todas_mss_58_50.gif
U iconos/portugues/icono_actualizar_mss_36_36.gif
U iconos/portugues/icono_actualizar_mss_58_50.gif
U iconos/portugues/icono_aleman_mss_58_50.gif
U iconos/portugues/icono_alemania_36_36.gif
U iconos/portugues/icono_alemania_58_50.gif
U iconos/portugues/icono_alemania_ess_58_50.gif
U iconos/portugues/icono_alemania_mss_36_36.gif
U iconos/portugues/icono_anterior_36_36.gif
U iconos/portugues/icono_anterior_58_50.gif
U iconos/portugues/icono_anterior_ess_58_50.gif
U iconos/portugues/icono_anterior_mss_58_50.gif
U iconos/portugues/icono_barra_509_6.gif
U iconos/portugues/icono_borrar_16_16.gif
U iconos/portugues/icono_borrar_mss_36_36.gif
U iconos/portugues/icono_borrar_mss_58_50.gif
U iconos/portugues/icono_buscar_ess_36_36.gif
U iconos/portugues/icono_buscar_ess_58_50.gif
U iconos/portugues/icono_buscar_mss_36_36.gif
U iconos/portugues/icono_buscar_mss_58_50.gif
U iconos/portugues/icono_cabecera_ess_56_402.gif
U iconos/portugues/icono_cabecera_mss_56_402.gif
U iconos/portugues/icono_cabecera_mss_56_404.gif
U iconos/portugues/icono_cabecera_sse_56_402.gif
U iconos/portugues/icono_cabecera_sse_56_404.gif
U iconos/portugues/icono_cabecera_sse_56_404_AZUL.gif
U iconos/portugues/icono_calendario_14_18.gif
U iconos/portugues/icono_cancelar_mss_36_36.gif
U iconos/portugues/icono_cancelar_mss_58_50.gif
U iconos/portugues/icono_cancelar_todas_mss_36_36.gif
U iconos/portugues/icono_cancelar_todas_mss_58_50.gif
U iconos/portugues/icono_contactos_20_20.gif
U iconos/portugues/icono_crear_mss_36_36.gif
U iconos/portugues/icono_crear_todas_mss_36_36.gif
U iconos/portugues/icono_css_88_31.gif
U iconos/portugues/icono_deshacer_mss_36_36.gif
U iconos/portugues/icono_deshacer_todas_mss_36.gif
U iconos/portugues/icono_down_18_15.gif
U iconos/portugues/icono_e_mail_ess_11_9.gif
U iconos/portugues/icono_editar_ favoritos_mss_20_20.gif
U iconos/portugues/icono_editar_20_20.gif
U iconos/portugues/icono_editar_favoritos_20_20.gif
U iconos/portugues/icono_editar_favoritos_ess_20_20.gif
U iconos/portugues/icono_editar_mss_11_9.gif
U iconos/portugues/icono_eliminar_ess_11_12.gif
U iconos/portugues/icono_eliminar_guardar_36_36.gif
U iconos/portugues/icono_eliminar_mss_36_36.gif
U iconos/portugues/icono_entrar_ess_36_36.gif
U iconos/portugues/icono_enviar_ess_36_36.gif
U iconos/portugues/icono_enviar_ess_58_50.gif
U iconos/portugues/icono_enviar_mss_36_36.gif
U iconos/portugues/icono_espana_58_50.gif
U iconos/portugues/icono_espana_ess_58_50.gif
U iconos/portugues/icono_españa_36_36.gif
U iconos/portugues/icono_españa_ess_58_50.gif
U iconos/portugues/icono_ess_36_36.gif
U iconos/portugues/icono_filtrar_36_36.gif
U iconos/portugues/icono_filtrar_58_50.gif
U iconos/portugues/icono_filtrar_mss_.gif
U iconos/portugues/icono_flecha2_16_7.gif
U iconos/portugues/icono_flecha2_ocre_mss_11_9.gif
U iconos/portugues/icono_flecha_16_7.gif
U iconos/portugues/icono_flecha_azul1_ess_11_9.gif
U iconos/portugues/icono_flecha_azul2_ess_11_9.gif
U iconos/portugues/icono_flecha_ocre_mss_11_9.gif
U iconos/portugues/icono_formacion_anadir_11_12.gif
U iconos/portugues/icono_formacion_anadir_todos_22_12.gif
U iconos/portugues/icono_formacion_eliminar_11_12.gif
U iconos/portugues/icono_formacion_eliminar_todos_22_12.gif
U iconos/portugues/icono_france_38_27.gif
U iconos/portugues/icono_frances_mss_58_50.gif
U iconos/portugues/icono_francia_36_36.gif
U iconos/portugues/icono_francia_58_50.gif
U iconos/portugues/icono_francia_ess_58_50.gif
U iconos/portugues/icono_francia_mss_36_36.gif
U iconos/portugues/icono_germany_38_27.gif
U iconos/portugues/icono_guardar_36_36.gif
U iconos/portugues/icono_ingles_ess_58_50.gif
U iconos/portugues/icono_ingles_mss_58_50.gif
U iconos/portugues/icono_insertar_20_20.gif
U iconos/portugues/icono_inventario_20_20.gif
U iconos/portugues/icono_inventario_personas_ess_20_20.gif
U iconos/portugues/icono_inventario_personas_mss_20_20.gif
U iconos/portugues/icono_italia_36_36.gif
U iconos/portugues/icono_italia_58_50.gif
U iconos/portugues/icono_italia_ess_58_50.gif
U iconos/portugues/icono_italia_mss_36_36.gif
U iconos/portugues/icono_italiano_mss_58_50.gif
U iconos/portugues/icono_italy_38_27.gif
U iconos/portugues/icono_linea_login2_12_404.gif
U iconos/portugues/icono_linea_login_12_424.gif
U iconos/portugues/icono_lista_16_16.gif
U iconos/portugues/icono_log_off_36_36.gif
U iconos/portugues/icono_log_off_36_36_old.gif
U iconos/portugues/icono_log_off_mss_36_36.gif
U iconos/portugues/icono_mapa_36_36.gif
U iconos/portugues/icono_mapa_36_36_old.gif
U iconos/portugues/icono_mapa_ess_58_50.gif
U iconos/portugues/icono_mapa_mss_36_36.gif
U iconos/portugues/icono_mapa_mss_58_50.gif
U iconos/portugues/icono_mismo_36_36.gif
U iconos/portugues/icono_mismo_50_58.gif
U iconos/portugues/icono_mismo_58_50.gif
U iconos/portugues/icono_move_left_31_19.gif
U iconos/portugues/icono_move_right_31_19.gif
U iconos/portugues/icono_moveall_left_31_19.gif
U iconos/portugues/icono_moveall_right_31_19.gif
U iconos/portugues/icono_mss_36_36.gif
U iconos/portugues/icono_mss_ess_58_50.gif
U iconos/portugues/icono_path_16_7.gif
U iconos/portugues/icono_peq_editar_ess_11_12.gif
U iconos/portugues/icono_peq_eliminar_ess_11_12.gif
U iconos/portugues/icono_peq_seleccionar_ess_11_12.gif
U iconos/portugues/icono_portugal_36_36.gif
U iconos/portugues/icono_portugal_58_50.gif
U iconos/portugues/icono_portugal_ess_58_50.gif
U iconos/portugues/icono_portugal_mss_36_36.gif
U iconos/portugues/icono_portuges_mss_58_50.gif
U iconos/portugues/icono_quienesquien_20_20.gif
U iconos/portugues/icono_seleccion _registro_mss_20_20.gif
U iconos/portugues/icono_seleccion_registro_20_20.gif
U iconos/portugues/icono_seleccion_registro_ess_20_20.gif
U iconos/portugues/icono_seleccionar_11_12.gif
U iconos/portugues/icono_siguiente_36_36.gif
U iconos/portugues/icono_siguiente_58_50.gif
U iconos/portugues/icono_siguiente_ess_36_36.gif
U iconos/portugues/icono_siguiente_ess_58_50.gif
U iconos/portugues/icono_siguiente_mss_58_50.gif
U iconos/portugues/icono_spain_38_27.gif
U iconos/portugues/icono_uk_36_36.gif
U iconos/portugues/icono_uk_58_50.gif
U iconos/portugues/icono_uk_mss_36_36.gif
U iconos/portugues/icono_unitedkingdom_38_27.gif
U iconos/portugues/icono_up_18_15.gif
U iconos/portugues/icono_url_ess.gif
U iconos/portugues/icono_url_ess_20_20.gif
U iconos/portugues/icono_url_mss_20_20.gif
U iconos/portugues/icono_vxhtml10_88_31.gif
U iconos/portugues/icono_wai_A_88_31.gif
U iconos/portugues/imprimir.gif
U iconos/portugues/informacion_azul.gif
U iconos/portugues/informacion_blanco.gif
U iconos/portugues/js_anterior.gif
U iconos/portugues/js_anyadir.gif
U iconos/portugues/js_bajar.gif
U iconos/portugues/js_deshacer_filtro.gif
U iconos/portugues/js_eliminar.gif
U iconos/portugues/js_eliminar_azul.gif
U iconos/portugues/js_eliminar_grande.gif
U iconos/portugues/js_eliminar_peq.gif
U iconos/portugues/js_email.gif
U iconos/portugues/js_email_blanco.gif
U iconos/portugues/js_email_cabecera.gif
U iconos/portugues/js_filtrar.gif
U iconos/portugues/js_flecha.gif
U iconos/portugues/js_linea_divisoria.gif
U iconos/portugues/js_mi_curriculum.gif
U iconos/portugues/js_mis_ofertas_de_empleo.gif
U iconos/portugues/js_nuevo.gif
U iconos/portugues/js_ofertas_de_empleo.gif
U iconos/portugues/js_ojos.jpg
U iconos/portugues/js_password.gif
U iconos/portugues/js_siguiente.gif
U iconos/portugues/js_subir.gif
U iconos/portugues/logo_meta4_pantalla_login_117_35.gif
U iconos/portugues/logo_meta4_pk_128_43.gif
U iconos/portugues/logo_meta4_resto_pantallas2_74_12.gif
U iconos/portugues/logo_meta4_resto_pantallas_73_21.gif
U iconos/portugues/noname_ausencias_52_100.gif
U iconos/portugues/noname_ausencias_dch_52_100.gif
U iconos/portugues/noname_ausencias_empleados_izq_52_100.gif
U iconos/portugues/noname_banco_79_100.gif
U iconos/portugues/noname_banco_92_125.gif
U iconos/portugues/noname_banco_99_125.gif
U iconos/portugues/noname_beneficiarios_72_100.gif
U iconos/portugues/noname_beneficiarios_91_125.gif
U iconos/portugues/noname_calendario_123_100.gif
U iconos/portugues/noname_catalogo_124_125.gif
U iconos/portugues/noname_catalogo_99_100.gif
U iconos/portugues/noname_certificado_65_125.gif
U iconos/portugues/noname_certificado_94_125.gif
U iconos/portugues/noname_competencias_mss_82_100.gif
U iconos/portugues/noname_competencias_puesto_82_100.gif
U iconos/portugues/noname_configuracion_98_125.gif
U iconos/portugues/noname_domicilio_125_99.gif
U iconos/portugues/noname_edificio_121_100.gif
U iconos/portugues/noname_edit_benefi_58_85.gif
U iconos/portugues/noname_email_ess_89_100.gif
U iconos/portugues/noname_estado_civil_57_125.gif
U iconos/portugues/noname_evalua_cursos_74_100.gif
U iconos/portugues/noname_evaluaciones_140_125.gif
U iconos/portugues/noname_evaluar_111_125.gif
U iconos/portugues/noname_eventos_mss_99_100.gif
U iconos/portugues/noname_experiencia_profesional_125_134.gif
U iconos/portugues/noname_experiencia_profesional_81_100.gif
U iconos/portugues/noname_familia_157_125.gif
U iconos/portugues/noname_festivos_154_125.gif
U iconos/portugues/noname_formacion_54_125.gif
U iconos/portugues/noname_historial_evaluaciones_ess_93_100.gif
U iconos/portugues/noname_hombre_50_100.gif
U iconos/portugues/noname_hombre_63_125.gif
U iconos/portugues/noname_hombre_derecha_62_125.gif
U iconos/portugues/noname_hombre_profesional_48_100.gif
U iconos/portugues/noname_idiomas_125_125.gif
U iconos/portugues/noname_idiomas_ess_100_100.gif
U iconos/portugues/noname_incidencias_65_125.gif
U iconos/portugues/noname_incidencias_pequenio_mss_52_100.gif
U iconos/portugues/noname_incripciones_formacion_99_100.gif
U iconos/portugues/noname_inscripciones_124_125.gif
U iconos/portugues/noname_lista_73_120.gif
U iconos/portugues/noname_listado_110_125.gif
U iconos/portugues/noname_listado_63_80.gif
U iconos/portugues/noname_mago_43_80.gif
U iconos/portugues/noname_mail_112_125.gif
U iconos/portugues/noname_mapa_143_125.gif
U iconos/portugues/noname_movilidad_interna.112_125.gif
U iconos/portugues/noname_movilidad_interna_derecha_100_100.gif
U iconos/portugues/noname_movilidad_interna_izquierda_100_100.gif
U iconos/portugues/noname_mujer_42_87.gif
U iconos/portugues/noname_mujer_53_100.gif
U iconos/portugues/noname_mujer_61_125.gif
U iconos/portugues/noname_mujer_cajero_73_100.gif
U iconos/portugues/noname_mujer_profesional_ess_50_100.gif
U iconos/portugues/noname_mujer_profesional_izquierda_50_100.gif
U iconos/portugues/noname_objetivos_130_125.gif
U iconos/portugues/noname_objetivos_ess_103_100.gif
U iconos/portugues/noname_organizacion_145_125.gif
U iconos/portugues/noname_organizacion_ess_115_100.gif
U iconos/portugues/noname_otras_direcciones_116_100.gif
U iconos/portugues/noname_pagas_87_124.gif
U iconos/portugues/noname_plan_carrera_133_100.gif
U iconos/portugues/noname_plan_de_carrera_167_125.gif
U iconos/portugues/noname_plan_formacion_43_100.gif
U iconos/portugues/noname_planes_carrera_pequenio_mss_80_100.gif
U iconos/portugues/noname_planes_evaluacion_114_100.gif
U iconos/portugues/noname_planes_evaluacion_88_100.gif
U iconos/portugues/noname_pregunta_47_125.gif
U iconos/portugues/noname_proceso_evaluacion_143_125.gif
U iconos/portugues/noname_procesos_evaluacion_ess_114_100.gif
U iconos/portugues/noname_profesional_60_125.gif
U iconos/portugues/noname_profesional_62_125.gif
U iconos/portugues/noname_puesto_144_100.gif
U iconos/portugues/noname_puesto_181_125.gif
U iconos/portugues/noname_puestos_trabajo_mss_ 176_125.gif
U iconos/portugues/noname_puestos_trabajo_mss_141_100.gif
U iconos/portugues/noname_recibo_72_125.gif
U iconos/portugues/noname_recibos_57_100.gif
U iconos/portugues/noname_resultados_120_125.gif
U iconos/portugues/noname_resultados_evaluacion_ess_100_100.gif
U iconos/portugues/noname_salariales_mss_58_100.gif
U iconos/portugues/noname_seleccion_115_125.gif
U iconos/portugues/noname_socios_93_74.gif
U iconos/portugues/noname_solicitar_vacantes_210_100.gif
U iconos/portugues/noname_solicitudes_111_125.gif
U iconos/portugues/noname_telefono_133_125.gif
U iconos/portugues/noname_telefono_ess_107_100.gif
U iconos/portugues/noname_tiempo_92_125.gif
U iconos/portugues/noname_tiempo_trabajo_ 73_100.gif
U iconos/portugues/noname_titulaciones_67_125.gif
U iconos/portugues/noname_titulaciones_ess_48_100.gif
U iconos/portugues/noname_vacaciones_55_100.gif
U iconos/portugues/noname_vacaciones_69_125.gif
U iconos/portugues/noname_valida_bancarios_100_100.gif
U iconos/portugues/noname_valida_beneficiarios_86_100.gif
U iconos/portugues/noname_valida_domicilio_122_100.gif
U iconos/portugues/noname_valida_email_79_100.gif
U iconos/portugues/noname_valida_evaluaciones_ 71_100.gif
U iconos/portugues/noname_valida_experiencia_101_100.gif
U iconos/portugues/noname_valida_formacion_62_100.gif
U iconos/portugues/noname_valida_idiomas_104_100.gif
U iconos/portugues/noname_valida_movilidad_interna_98_100.gif
U iconos/portugues/noname_valida_otros_domicilios_100_100.gif
U iconos/portugues/noname_valida_telefono_103_100.gif
U iconos/portugues/noname_valida_titulaciones_74_100.gif
U iconos/portugues/noname_valida_vacaciones_61_100.gif
U iconos/portugues/noname_volver_52_44.gif
U iconos/portugues/nonmae_procesos_selec_abiertos_80_100.gif
U iconos/portugues/ok.gif
U iconos/portugues/valida-vacaciones.gif
U images/espanol/recibo3.bmp
U javascripts/Autocompleter.Local.js
U javascripts/Autocompleter.Request.js
U javascripts/Autocompleter.js
U javascripts/Observer.js
U javascripts/floatingtips.js
U javascripts/gta.js
U javascripts/gta_evolutions.js
U libreria/clase_val_entradas.js
U libreria/clasecalendario.js
U libreria/clasecalendariomss.js
U libreria/digitocontrol.js
U libreria/dom1.js
U libreria/fun_gen_act.js
U libreria/func_eval.js
U libreria/func_pn.js
U libreria/func_sse.js
U libreria/funciones_doc.js
U libreria/funciones_filter.js
U libreria/funciones_gta_monthly_view.js
U libreria/funciones_gta_monthly_view_presence.js
U libreria/funciones_sse.js
U libreria/funciones_sse_val.js
U libreria/funciones_sse_val1.js
U libreria/functions_contact.js
U libreria/functions_contact.raw.js
U libreria/functions_eval.js
U libreria/functions_eval.raw.js
U libreria/functions_infemp.js
U libreria/functions_infemp.raw.js
U libreria/functions_login.js
U libreria/functions_m4ajax.js
U libreria/functions_orgchart.js
U libreria/functions_orgchart.raw.js
U libreria/functions_orgchart_dyn.js
U libreria/functions_orgchart_dyn.raw.js
U libreria/functions_persdata.js
U libreria/functions_persdata.raw.js
U libreria/functions_portal.js
U libreria/functions_portal.raw.js
U libreria/functions_subportal.js
U libreria/functions_subportal.raw.js
U libreria/functions_validate.js
U libreria/functions_whoiswho.js
U libreria/functions_whoiswho.raw.js
U libreria/g.bar-min.bis.js
U libreria/g.bar-min.js
U libreria/g.bar.raw.js
U libreria/g.pie-min.js
U libreria/g.raphael-min.js
U libreria/js_menu.js
U libreria/menu_mss.js
U libreria/menu_mss_eng.js
U libreria/menu_mss_esp.js
U libreria/menu_mss_fra.js
U libreria/menu_mss_por.js
U libreria/menu_sse.js
U libreria/menu_sse_eng.js
U libreria/menu_sse_esp.js
U libreria/menu_sse_fra.js
U libreria/menu_sse_por.js
U libreria/menuintercambio.js
U libreria/meta4ajax.js
U libreria/meta4ajax.raw.js
U libreria/meta4infpers.js
U libreria/meta4infpers.raw.js
U libreria/meta4list.js
U libreria/meta4list.raw.js
U libreria/meta4photo.js
U libreria/meta4photo.raw.js
U libreria/meta4table.js
U libreria/meta4table.raw.js
U libreria/mootools-1.2.4.2-bis.js
U libreria/mootools-1.2.4.2.js
U libreria/mootools-1.2.js
U libreria/mootools-1.3.js
U libreria/mootools-core-1.3.2.js
U libreria/mootools-more-1.3.2.1.js
U libreria/mootools.js
U libreria/raphael-min.js
U libreria/sco_incidences_link.js
U mobile_func/m4my_work_time.html
U mobile_func/css/mobile.my_work_time.css
U mobile_func/icons/Thumbs.db
U mobile_func/icons/clasic_tasks.png
U mobile_func/icons/validations.png
U mobile_func/js/meta4.mobile.my_work_time.js
U mss_g1/smco_g1_profs_info_accion.jsp
U mss_g1/smco_g1_profs_info_afiliacion_cv.jsp
U mss_g1/smco_g1_profs_info_cabecera.jsp
U mss_g1/smco_g1_profs_info_carrera.jsp
U mss_g1/smco_g1_profs_info_certificados_cv.jsp
U mss_g1/smco_g1_profs_info_cesiones.jsp
U mss_g1/smco_g1_profs_info_competencias.jsp
U mss_g1/smco_g1_profs_info_complementaria_cv.jsp
U mss_g1/smco_g1_profs_info_complementario_cv.jsp
U mss_g1/smco_g1_profs_info_conocimientos.jsp
U mss_g1/smco_g1_profs_info_conocimientos_cv.jsp
U mss_g1/smco_g1_profs_info_contratos.jsp
U mss_g1/smco_g1_profs_info_control.jsp
U mss_g1/smco_g1_profs_info_cursos.jsp
U mss_g1/smco_g1_profs_info_cv_empleado.jsp
U mss_g1/smco_g1_profs_info_dependientes.jsp
U mss_g1/smco_g1_profs_info_empresas.jsp
U mss_g1/smco_g1_profs_info_entrevistas.jsp
U mss_g1/smco_g1_profs_info_equipos.jsp
U mss_g1/smco_g1_profs_info_evaluaciones.jsp
U mss_g1/smco_g1_profs_info_incidentes.jsp
U mss_g1/smco_g1_profs_info_includes_otra_informacion.jsp
U mss_g1/smco_g1_profs_info_includes_situacion_actual.jsp
U mss_g1/smco_g1_profs_info_posiciones.jsp
U mss_g1/smco_g1_profs_info_preferencias.jsp
U mss_g1/smco_g1_profs_info_propiedades.jsp
U mss_g1/smco_g1_profs_info_puestos.jsp
U mss_g1/smco_g1_profs_info_roles.jsp
U mss_g1/smco_g1_profs_info_salario.jsp
U mss_g1/smco_g1_profs_info_tiempo.jsp
U mss_g1/smco_g1_profs_info_tp_empleado.jsp
U mss_g1/smco_g1_profs_info_wlocat.jsp
U mss_g1/smco_g1_profs_info_wunit.jsp
U mss_g1/smco_prof_cv_trans.jsp
U mss_g1/english/mss_g1_cv.jsp
U mss_g1/english/mss_g1_menu.jsp
U mss_g1/english/mss_g1_news.jsp
U mss_g1/english/mss_g1_p1.jsp
U mss_g1/english/mss_g1_p1_val.jsp
U mss_g1/english/mss_g1_p1_val2.jsp
U mss_g1/english/mss_g1_p1_val3.jsp
U mss_g1/english/mss_g1_p1_val4.jsp
U mss_g1/english/mss_g1_p1_val5.jsp
U mss_g1/english/mss_g1_p1_val6.jsp
U mss_g1/english/mss_g1_p3_val.jsp
U mss_g1/english/mss_g1_p3_val2.jsp
U mss_g1/english/mss_g1_p3_val3.jsp
U mss_g1/english/mss_g1_p4_val.jsp
U mss_g1/english/mss_g1_p5_val.jsp
U mss_g1/english/smco_g1_p1_val5.jsp
U mss_g1/english/smco_g1_p1_val6.jsp
U mss_g1/english/smco_g1_p1_val7.jsp
U mss_g1/english/smco_g1_p3_val4.jsp
U mss_g1/english/smco_g1_p3_val5.jsp
U mss_g1/english/smco_g1_p3_val6.jsp
U mss_g1/english/smco_g1_p3_val7.jsp
U mss_g1/english/smco_g1_p6_val.jsp
U mss_g1/english/smco_g1_profs_info.jsp
U mss_g1/english/smco_g1_profs_info_accion.jsp
U mss_g1/english/smco_g1_profs_info_afiliacion_cv.jsp
U mss_g1/english/smco_g1_profs_info_cabecera.jsp
U mss_g1/english/smco_g1_profs_info_carrera.jsp
U mss_g1/english/smco_g1_profs_info_certificados_cv.jsp
U mss_g1/english/smco_g1_profs_info_cesiones.jsp
U mss_g1/english/smco_g1_profs_info_competencias.jsp
U mss_g1/english/smco_g1_profs_info_complementaria_cv.jsp
U mss_g1/english/smco_g1_profs_info_complementario_cv.jsp
U mss_g1/english/smco_g1_profs_info_conocimientos.jsp
U mss_g1/english/smco_g1_profs_info_conocimientos_cv.jsp
U mss_g1/english/smco_g1_profs_info_contratos.jsp
U mss_g1/english/smco_g1_profs_info_control.jsp
U mss_g1/english/smco_g1_profs_info_cursos.jsp
U mss_g1/english/smco_g1_profs_info_cv_empleado.jsp
U mss_g1/english/smco_g1_profs_info_dependientes.jsp
U mss_g1/english/smco_g1_profs_info_empresas.jsp
U mss_g1/english/smco_g1_profs_info_entrevistas.jsp
U mss_g1/english/smco_g1_profs_info_equipos.jsp
U mss_g1/english/smco_g1_profs_info_evaluaciones.jsp
U mss_g1/english/smco_g1_profs_info_imprimir.jsp
U mss_g1/english/smco_g1_profs_info_incidentes.jsp
U mss_g1/english/smco_g1_profs_info_includes_otra_informacion.jsp
U mss_g1/english/smco_g1_profs_info_includes_situacion_actual.jsp
U mss_g1/english/smco_g1_profs_info_posiciones.jsp
U mss_g1/english/smco_g1_profs_info_preferencias.jsp
U mss_g1/english/smco_g1_profs_info_propiedades.jsp
U mss_g1/english/smco_g1_profs_info_puestos.jsp
U mss_g1/english/smco_g1_profs_info_redirection.jsp
U mss_g1/english/smco_g1_profs_info_redirection_cv.jsp
U mss_g1/english/smco_g1_profs_info_roles.jsp
U mss_g1/english/smco_g1_profs_info_salario.jsp
U mss_g1/english/smco_g1_profs_info_salvar.jsp
U mss_g1/english/smco_g1_profs_info_select_employee.jsp
U mss_g1/english/smco_g1_profs_info_tiempo.jsp
U mss_g1/english/smco_g1_profs_info_tp_empleado.jsp
U mss_g1/english/smco_g1_profs_info_wlocat.jsp
U mss_g1/english/smco_g1_profs_info_wunit.jsp
U mss_g1/english/smsp_g1_p6_actualizar.jsp
U mss_g1/english/smsp_g1_p6_val.jsp
U mss_g1/espanol/mss_g1_cv.jsp
U mss_g1/espanol/mss_g1_menu.jsp
U mss_g1/espanol/mss_g1_news.jsp
U mss_g1/espanol/mss_g1_p1.jsp
U mss_g1/espanol/mss_g1_p1_val.jsp
U mss_g1/espanol/mss_g1_p1_val2.jsp
U mss_g1/espanol/mss_g1_p1_val3.jsp
U mss_g1/espanol/mss_g1_p1_val4.jsp
U mss_g1/espanol/mss_g1_p1_val5.jsp
U mss_g1/espanol/mss_g1_p1_val6.jsp
U mss_g1/espanol/mss_g1_p3_val.jsp
U mss_g1/espanol/mss_g1_p3_val2.jsp
U mss_g1/espanol/mss_g1_p3_val3.jsp
U mss_g1/espanol/mss_g1_p4_val.jsp
U mss_g1/espanol/mss_g1_p5_val.jsp
U mss_g1/espanol/smco_g1_p1_val5.jsp
U mss_g1/espanol/smco_g1_p1_val6.jsp
U mss_g1/espanol/smco_g1_p1_val7.jsp
U mss_g1/espanol/smco_g1_p3_val4.jsp
U mss_g1/espanol/smco_g1_p3_val5.jsp
U mss_g1/espanol/smco_g1_p3_val6.jsp
U mss_g1/espanol/smco_g1_p3_val7.jsp
U mss_g1/espanol/smco_g1_p6_val.jsp
U mss_g1/espanol/smco_g1_profs_info.jsp
U mss_g1/espanol/smco_g1_profs_info_accion.jsp
U mss_g1/espanol/smco_g1_profs_info_afiliacion_cv.jsp
U mss_g1/espanol/smco_g1_profs_info_cabecera.jsp
U mss_g1/espanol/smco_g1_profs_info_carrera.jsp
U mss_g1/espanol/smco_g1_profs_info_certificados_cv.jsp
U mss_g1/espanol/smco_g1_profs_info_cesiones.jsp
U mss_g1/espanol/smco_g1_profs_info_competencias.jsp
U mss_g1/espanol/smco_g1_profs_info_complementaria_cv.jsp
U mss_g1/espanol/smco_g1_profs_info_complementario_cv.jsp
U mss_g1/espanol/smco_g1_profs_info_conocimientos.jsp
U mss_g1/espanol/smco_g1_profs_info_conocimientos_cv.jsp
U mss_g1/espanol/smco_g1_profs_info_contratos.jsp
U mss_g1/espanol/smco_g1_profs_info_control.jsp
U mss_g1/espanol/smco_g1_profs_info_cursos.jsp
U mss_g1/espanol/smco_g1_profs_info_cv_empleado.jsp
U mss_g1/espanol/smco_g1_profs_info_dependientes.jsp
U mss_g1/espanol/smco_g1_profs_info_empresas.jsp
U mss_g1/espanol/smco_g1_profs_info_entrevistas.jsp
U mss_g1/espanol/smco_g1_profs_info_equipos.jsp
U mss_g1/espanol/smco_g1_profs_info_evaluaciones.jsp
U mss_g1/espanol/smco_g1_profs_info_imprimir.jsp
U mss_g1/espanol/smco_g1_profs_info_incidentes.jsp
U mss_g1/espanol/smco_g1_profs_info_includes_otra_informacion.jsp
U mss_g1/espanol/smco_g1_profs_info_includes_situacion_actual.jsp
U mss_g1/espanol/smco_g1_profs_info_posiciones.jsp
U mss_g1/espanol/smco_g1_profs_info_preferencias.jsp
U mss_g1/espanol/smco_g1_profs_info_propiedades.jsp
U mss_g1/espanol/smco_g1_profs_info_puestos.jsp
U mss_g1/espanol/smco_g1_profs_info_redirection.jsp
U mss_g1/espanol/smco_g1_profs_info_redirection_cv.jsp
U mss_g1/espanol/smco_g1_profs_info_roles.jsp
U mss_g1/espanol/smco_g1_profs_info_salario.jsp
U mss_g1/espanol/smco_g1_profs_info_salvar.jsp
U mss_g1/espanol/smco_g1_profs_info_select_employee.jsp
U mss_g1/espanol/smco_g1_profs_info_tiempo.jsp
U mss_g1/espanol/smco_g1_profs_info_tp_empleado.jsp
U mss_g1/espanol/smco_g1_profs_info_wlocat.jsp
U mss_g1/espanol/smco_g1_profs_info_wunit.jsp
U mss_g1/espanol/smsp_g1_p6_actualizar.jsp
U mss_g1/espanol/smsp_g1_p6_val.jsp
U mss_g1/francais/mss_g1_cv.jsp
U mss_g1/francais/mss_g1_menu.jsp
U mss_g1/francais/mss_g1_news.jsp
U mss_g1/francais/mss_g1_p1.jsp
U mss_g1/francais/mss_g1_p1_val.jsp
U mss_g1/francais/mss_g1_p1_val2.jsp
U mss_g1/francais/mss_g1_p1_val3.jsp
U mss_g1/francais/mss_g1_p1_val4.jsp
U mss_g1/francais/mss_g1_p1_val5.jsp
U mss_g1/francais/mss_g1_p1_val6.jsp
U mss_g1/francais/mss_g1_p3_val.jsp
U mss_g1/francais/mss_g1_p3_val2.jsp
U mss_g1/francais/mss_g1_p3_val3.jsp
U mss_g1/francais/mss_g1_p4_val.jsp
U mss_g1/francais/mss_g1_p5_val.jsp
U mss_g1/francais/smco_g1_p1_val5.jsp
U mss_g1/francais/smco_g1_p1_val6.jsp
U mss_g1/francais/smco_g1_p1_val7.jsp
U mss_g1/francais/smco_g1_p3_val4.jsp
U mss_g1/francais/smco_g1_p3_val5.jsp
U mss_g1/francais/smco_g1_p3_val6.jsp
U mss_g1/francais/smco_g1_p3_val7.jsp
U mss_g1/francais/smco_g1_p6_val.jsp
U mss_g1/francais/smco_g1_profs_info.jsp
U mss_g1/francais/smco_g1_profs_info_accion.jsp
U mss_g1/francais/smco_g1_profs_info_afiliacion_cv.jsp
U mss_g1/francais/smco_g1_profs_info_cabecera.jsp
U mss_g1/francais/smco_g1_profs_info_carrera.jsp
U mss_g1/francais/smco_g1_profs_info_certificados_cv.jsp
U mss_g1/francais/smco_g1_profs_info_cesiones.jsp
U mss_g1/francais/smco_g1_profs_info_competencias.jsp
U mss_g1/francais/smco_g1_profs_info_complementaria_cv.jsp
U mss_g1/francais/smco_g1_profs_info_complementario_cv.jsp
U mss_g1/francais/smco_g1_profs_info_conocimientos.jsp
U mss_g1/francais/smco_g1_profs_info_conocimientos_cv.jsp
U mss_g1/francais/smco_g1_profs_info_contratos.jsp
U mss_g1/francais/smco_g1_profs_info_control.jsp
U mss_g1/francais/smco_g1_profs_info_cursos.jsp
U mss_g1/francais/smco_g1_profs_info_cv_empleado.jsp
U mss_g1/francais/smco_g1_profs_info_dependientes.jsp
U mss_g1/francais/smco_g1_profs_info_empresas.jsp
U mss_g1/francais/smco_g1_profs_info_entrevistas.jsp
U mss_g1/francais/smco_g1_profs_info_equipos.jsp
U mss_g1/francais/smco_g1_profs_info_evaluaciones.jsp
U mss_g1/francais/smco_g1_profs_info_imprimir.jsp
U mss_g1/francais/smco_g1_profs_info_incidentes.jsp
U mss_g1/francais/smco_g1_profs_info_includes_otra_informacion.jsp
U mss_g1/francais/smco_g1_profs_info_includes_situacion_actual.jsp
U mss_g1/francais/smco_g1_profs_info_posiciones.jsp
U mss_g1/francais/smco_g1_profs_info_preferencias.jsp
U mss_g1/francais/smco_g1_profs_info_propiedades.jsp
U mss_g1/francais/smco_g1_profs_info_puestos.jsp
U mss_g1/francais/smco_g1_profs_info_redirection.jsp
U mss_g1/francais/smco_g1_profs_info_redirection_cv.jsp
U mss_g1/francais/smco_g1_profs_info_roles.jsp
U mss_g1/francais/smco_g1_profs_info_salario.jsp
U mss_g1/francais/smco_g1_profs_info_salvar.jsp
U mss_g1/francais/smco_g1_profs_info_select_employee.jsp
U mss_g1/francais/smco_g1_profs_info_tiempo.jsp
U mss_g1/francais/smco_g1_profs_info_tp_empleado.jsp
U mss_g1/francais/smco_g1_profs_info_wlocat.jsp
U mss_g1/francais/smco_g1_profs_info_wunit.jsp
U mss_g1/francais/smsp_g1_p6_actualizar.jsp
U mss_g1/francais/smsp_g1_p6_val.jsp
U mss_g1/portugues/mss_g1_cv.jsp
U mss_g1/portugues/mss_g1_menu.jsp
U mss_g1/portugues/mss_g1_news.jsp
U mss_g1/portugues/mss_g1_p1.jsp
U mss_g1/portugues/mss_g1_p1_val.jsp
U mss_g1/portugues/mss_g1_p1_val2.jsp
U mss_g1/portugues/mss_g1_p1_val3.jsp
U mss_g1/portugues/mss_g1_p1_val4.jsp
U mss_g1/portugues/mss_g1_p1_val5.jsp
U mss_g1/portugues/mss_g1_p1_val6.jsp
U mss_g1/portugues/mss_g1_p3_val.jsp
U mss_g1/portugues/mss_g1_p3_val2.jsp
U mss_g1/portugues/mss_g1_p3_val3.jsp
U mss_g1/portugues/mss_g1_p4_val.jsp
U mss_g1/portugues/mss_g1_p5_val.jsp
U mss_g1/portugues/smco_g1_p1_val5.jsp
U mss_g1/portugues/smco_g1_p1_val6.jsp
U mss_g1/portugues/smco_g1_p1_val7.jsp
U mss_g1/portugues/smco_g1_p3_val4.jsp
U mss_g1/portugues/smco_g1_p3_val5.jsp
U mss_g1/portugues/smco_g1_p3_val6.jsp
U mss_g1/portugues/smco_g1_p3_val7.jsp
U mss_g1/portugues/smco_g1_p6_val.jsp
U mss_g1/portugues/smco_g1_profs_info.jsp
U mss_g1/portugues/smco_g1_profs_info_accion.jsp
U mss_g1/portugues/smco_g1_profs_info_afiliacion_cv.jsp
U mss_g1/portugues/smco_g1_profs_info_cabecera.jsp
U mss_g1/portugues/smco_g1_profs_info_carrera.jsp
U mss_g1/portugues/smco_g1_profs_info_certificados_cv.jsp
U mss_g1/portugues/smco_g1_profs_info_cesiones.jsp
U mss_g1/portugues/smco_g1_profs_info_competencias.jsp
U mss_g1/portugues/smco_g1_profs_info_complementaria_cv.jsp
U mss_g1/portugues/smco_g1_profs_info_complementario_cv.jsp
U mss_g1/portugues/smco_g1_profs_info_conocimientos.jsp
U mss_g1/portugues/smco_g1_profs_info_conocimientos_cv.jsp
U mss_g1/portugues/smco_g1_profs_info_contratos.jsp
U mss_g1/portugues/smco_g1_profs_info_control.jsp
U mss_g1/portugues/smco_g1_profs_info_cursos.jsp
U mss_g1/portugues/smco_g1_profs_info_cv_empleado.jsp
U mss_g1/portugues/smco_g1_profs_info_dependientes.jsp
U mss_g1/portugues/smco_g1_profs_info_empresas.jsp
U mss_g1/portugues/smco_g1_profs_info_entrevistas.jsp
U mss_g1/portugues/smco_g1_profs_info_equipos.jsp
U mss_g1/portugues/smco_g1_profs_info_evaluaciones.jsp
U mss_g1/portugues/smco_g1_profs_info_imprimir.jsp
U mss_g1/portugues/smco_g1_profs_info_incidentes.jsp
U mss_g1/portugues/smco_g1_profs_info_includes_otra_informacion.jsp
U mss_g1/portugues/smco_g1_profs_info_includes_situacion_actual.jsp
U mss_g1/portugues/smco_g1_profs_info_posiciones.jsp
U mss_g1/portugues/smco_g1_profs_info_preferencias.jsp
U mss_g1/portugues/smco_g1_profs_info_propiedades.jsp
U mss_g1/portugues/smco_g1_profs_info_puestos.jsp
U mss_g1/portugues/smco_g1_profs_info_redirection.jsp
U mss_g1/portugues/smco_g1_profs_info_redirection_cv.jsp
U mss_g1/portugues/smco_g1_profs_info_roles.jsp
U mss_g1/portugues/smco_g1_profs_info_salario.jsp
U mss_g1/portugues/smco_g1_profs_info_salvar.jsp
U mss_g1/portugues/smco_g1_profs_info_select_employee.jsp
U mss_g1/portugues/smco_g1_profs_info_tiempo.jsp
U mss_g1/portugues/smco_g1_profs_info_tp_empleado.jsp
U mss_g1/portugues/smco_g1_profs_info_wlocat.jsp
U mss_g1/portugues/smco_g1_profs_info_wunit.jsp
U mss_g1/portugues/smsp_g1_p6_actualizar.jsp
U mss_g1/portugues/smsp_g1_p6_val.jsp
U mss_g2/mss_bft_trans.jsp
U mss_g2/smco_g2_trans.jsp
U mss_g2/english/mss_g2_dosier.jsp
U mss_g2/english/mss_g2_menu.jsp
U mss_g2/english/mss_g2_menu_comp.jsp
U mss_g2/english/mss_g2_p0.jsp
U mss_g2/english/mss_g2_p0_wu.jsp
U mss_g2/english/mss_g2_p0_wu_mail.jsp
U mss_g2/english/mss_g2_p0_wu_mail_p.jsp
U mss_g2/english/mss_g2_p0_wu_p.jsp
U mss_g2/english/mss_g2_p1.jsp
U mss_g2/english/mss_g2_p10.jsp
U mss_g2/english/mss_g2_p1_val.jsp
U mss_g2/english/mss_g2_p2.jsp
U mss_g2/english/mss_g2_p2_ht.jsp
U mss_g2/english/mss_g2_p2_info.jsp
U mss_g2/english/mss_g2_p2_me.jsp
U mss_g2/english/mss_g2_p2_p.jsp
U mss_g2/english/mss_g2_p2_val.jsp
U mss_g2/english/mss_g2_p3.jsp
U mss_g2/english/mss_g2_p3_comment.jsp
U mss_g2/english/mss_g2_p3_comment_p.jsp
U mss_g2/english/mss_g2_p3_grade.jsp
U mss_g2/english/mss_g2_p3_me.jsp
U mss_g2/english/mss_g2_p3_mensaje.jsp
U mss_g2/english/mss_g2_p3_mi.jsp
U mss_g2/english/mss_g2_p3_p.jsp
U mss_g2/english/mss_g2_p3_pending.jsp
U mss_g2/english/mss_g2_p3_sal.jsp
U mss_g2/english/mss_g2_p4.jsp
U mss_g2/english/mss_g2_p4_mi.jsp
U mss_g2/english/mss_g2_p4_p.jsp
U mss_g2/english/mss_g2_p4_rset.jsp
U mss_g2/english/mss_g2_p4_salto.jsp
U mss_g2/english/mss_g2_p5.jsp
U mss_g2/english/mss_g2_p5_p.jsp
U mss_g2/english/mss_g2_p5_val.jsp
U mss_g2/english/mss_g2_p6.jsp
U mss_g2/english/mss_g2_p6_comment.jsp
U mss_g2/english/mss_g2_p7_det.jsp
U mss_g2/english/mss_g2_p7_help.jsp
U mss_g2/english/mss_g2_p7_val.jsp
U mss_g2/english/mss_g2_p8.jsp
U mss_g2/english/mss_g2_p8_p.jsp
U mss_g2/english/mss_g2_p8_val.jsp
U mss_g2/english/mss_g2_p9_val.jsp
U mss_g2/english/smco_g2_p11.jsp
U mss_g2/espanol/mss_g2_dosier.jsp
U mss_g2/espanol/mss_g2_menu.jsp
U mss_g2/espanol/mss_g2_menu_comp.jsp
U mss_g2/espanol/mss_g2_p0.jsp
U mss_g2/espanol/mss_g2_p0_wu.jsp
U mss_g2/espanol/mss_g2_p0_wu_mail.jsp
U mss_g2/espanol/mss_g2_p0_wu_mail_p.jsp
U mss_g2/espanol/mss_g2_p0_wu_p.jsp
U mss_g2/espanol/mss_g2_p1.jsp
U mss_g2/espanol/mss_g2_p10.jsp
U mss_g2/espanol/mss_g2_p1_val.jsp
U mss_g2/espanol/mss_g2_p2.jsp
U mss_g2/espanol/mss_g2_p2_ht.jsp
U mss_g2/espanol/mss_g2_p2_info.jsp
U mss_g2/espanol/mss_g2_p2_me.jsp
U mss_g2/espanol/mss_g2_p2_p.jsp
U mss_g2/espanol/mss_g2_p2_val.jsp
U mss_g2/espanol/mss_g2_p3.jsp
U mss_g2/espanol/mss_g2_p3_comment.jsp
U mss_g2/espanol/mss_g2_p3_comment_p.jsp
U mss_g2/espanol/mss_g2_p3_grade.jsp
U mss_g2/espanol/mss_g2_p3_me.jsp
U mss_g2/espanol/mss_g2_p3_mensaje.jsp
U mss_g2/espanol/mss_g2_p3_mi.jsp
U mss_g2/espanol/mss_g2_p3_p.jsp
U mss_g2/espanol/mss_g2_p3_pending.jsp
U mss_g2/espanol/mss_g2_p3_sal.jsp
U mss_g2/espanol/mss_g2_p4.jsp
U mss_g2/espanol/mss_g2_p4_mi.jsp
U mss_g2/espanol/mss_g2_p4_p.jsp
U mss_g2/espanol/mss_g2_p4_rset.jsp
U mss_g2/espanol/mss_g2_p4_salto.jsp
U mss_g2/espanol/mss_g2_p5.jsp
U mss_g2/espanol/mss_g2_p5_p.jsp
U mss_g2/espanol/mss_g2_p5_val.jsp
U mss_g2/espanol/mss_g2_p6.jsp
U mss_g2/espanol/mss_g2_p6_comment.jsp
U mss_g2/espanol/mss_g2_p7_det.jsp
U mss_g2/espanol/mss_g2_p7_help.jsp
U mss_g2/espanol/mss_g2_p7_val.jsp
U mss_g2/espanol/mss_g2_p8.jsp
U mss_g2/espanol/mss_g2_p8_p.jsp
U mss_g2/espanol/mss_g2_p8_val.jsp
U mss_g2/espanol/mss_g2_p9_val.jsp
U mss_g2/espanol/smco_g2_p11.jsp
U mss_g2/francais/mss_g2_dosier.jsp
U mss_g2/francais/mss_g2_menu.jsp
U mss_g2/francais/mss_g2_menu_comp.jsp
U mss_g2/francais/mss_g2_p0.jsp
U mss_g2/francais/mss_g2_p0_wu.jsp
U mss_g2/francais/mss_g2_p0_wu_mail.jsp
U mss_g2/francais/mss_g2_p0_wu_mail_p.jsp
U mss_g2/francais/mss_g2_p0_wu_p.jsp
U mss_g2/francais/mss_g2_p1.jsp
U mss_g2/francais/mss_g2_p10.jsp
U mss_g2/francais/mss_g2_p1_val.jsp
U mss_g2/francais/mss_g2_p2.jsp
U mss_g2/francais/mss_g2_p2_ht.jsp
U mss_g2/francais/mss_g2_p2_info.jsp
U mss_g2/francais/mss_g2_p2_me.jsp
U mss_g2/francais/mss_g2_p2_p.jsp
U mss_g2/francais/mss_g2_p2_val.jsp
U mss_g2/francais/mss_g2_p3.jsp
U mss_g2/francais/mss_g2_p3_comment.jsp
U mss_g2/francais/mss_g2_p3_comment_p.jsp
U mss_g2/francais/mss_g2_p3_grade.jsp
U mss_g2/francais/mss_g2_p3_me.jsp
U mss_g2/francais/mss_g2_p3_mensaje.jsp
U mss_g2/francais/mss_g2_p3_mi.jsp
U mss_g2/francais/mss_g2_p3_p.jsp
U mss_g2/francais/mss_g2_p3_pending.jsp
U mss_g2/francais/mss_g2_p3_sal.jsp
U mss_g2/francais/mss_g2_p4.jsp
U mss_g2/francais/mss_g2_p4_mi.jsp
U mss_g2/francais/mss_g2_p4_p.jsp
U mss_g2/francais/mss_g2_p4_rset.jsp
U mss_g2/francais/mss_g2_p4_salto.jsp
U mss_g2/francais/mss_g2_p5.jsp
U mss_g2/francais/mss_g2_p5_p.jsp
U mss_g2/francais/mss_g2_p5_val.jsp
U mss_g2/francais/mss_g2_p6.jsp
U mss_g2/francais/mss_g2_p6_comment.jsp
U mss_g2/francais/mss_g2_p7_det.jsp
U mss_g2/francais/mss_g2_p7_help.jsp
U mss_g2/francais/mss_g2_p7_val.jsp
U mss_g2/francais/mss_g2_p8.jsp
U mss_g2/francais/mss_g2_p8_p.jsp
U mss_g2/francais/mss_g2_p8_val.jsp
U mss_g2/francais/mss_g2_p9_val.jsp
U mss_g2/francais/smco_g2_p11.jsp
U mss_g2/portugues/mss_g2_dosier.jsp
U mss_g2/portugues/mss_g2_menu.jsp
U mss_g2/portugues/mss_g2_menu_comp.jsp
U mss_g2/portugues/mss_g2_p0.jsp
U mss_g2/portugues/mss_g2_p0_wu.jsp
U mss_g2/portugues/mss_g2_p0_wu_mail.jsp
U mss_g2/portugues/mss_g2_p0_wu_mail_p.jsp
U mss_g2/portugues/mss_g2_p0_wu_p.jsp
U mss_g2/portugues/mss_g2_p1.jsp
U mss_g2/portugues/mss_g2_p10.jsp
U mss_g2/portugues/mss_g2_p1_val.jsp
U mss_g2/portugues/mss_g2_p2.jsp
U mss_g2/portugues/mss_g2_p2_ht.jsp
U mss_g2/portugues/mss_g2_p2_info.jsp
U mss_g2/portugues/mss_g2_p2_me.jsp
U mss_g2/portugues/mss_g2_p2_p.jsp
U mss_g2/portugues/mss_g2_p2_val.jsp
U mss_g2/portugues/mss_g2_p3.jsp
U mss_g2/portugues/mss_g2_p3_comment.jsp
U mss_g2/portugues/mss_g2_p3_comment_p.jsp
U mss_g2/portugues/mss_g2_p3_grade.jsp
U mss_g2/portugues/mss_g2_p3_me.jsp
U mss_g2/portugues/mss_g2_p3_mensaje.jsp
U mss_g2/portugues/mss_g2_p3_mi.jsp
U mss_g2/portugues/mss_g2_p3_p.jsp
U mss_g2/portugues/mss_g2_p3_pending.jsp
U mss_g2/portugues/mss_g2_p3_sal.jsp
U mss_g2/portugues/mss_g2_p4.jsp
U mss_g2/portugues/mss_g2_p4_mi.jsp
U mss_g2/portugues/mss_g2_p4_p.jsp
U mss_g2/portugues/mss_g2_p4_rset.jsp
U mss_g2/portugues/mss_g2_p4_salto.jsp
U mss_g2/portugues/mss_g2_p5.jsp
U mss_g2/portugues/mss_g2_p5_p.jsp
U mss_g2/portugues/mss_g2_p5_val.jsp
U mss_g2/portugues/mss_g2_p6.jsp
U mss_g2/portugues/mss_g2_p6_comment.jsp
U mss_g2/portugues/mss_g2_p7_det.jsp
U mss_g2/portugues/mss_g2_p7_help.jsp
U mss_g2/portugues/mss_g2_p7_val.jsp
U mss_g2/portugues/mss_g2_p8.jsp
U mss_g2/portugues/mss_g2_p8_p.jsp
U mss_g2/portugues/mss_g2_p8_val.jsp
U mss_g2/portugues/mss_g2_p9_val.jsp
U mss_g2/portugues/smco_g2_p11.jsp
U mss_g3/mss_ev_trans.jsp
U mss_g3/mss_g3_trans.jsp
U mss_g3/mss_train_trans.jsp
U mss_g3/smco_dev_plan_trans.jsp
U mss_g3/smco_evaluator_body.jsp
U mss_g3/smco_evaluator_body_c.jsp
U mss_g3/smco_evaluator_body_c_seg.jsp
U mss_g3/smco_evaluator_body_o.jsp
U mss_g3/smco_evaluator_body_o_cual.jsp
U mss_g3/smco_evaluator_body_o_cual_seg.jsp
U mss_g3/smco_evaluator_body_o_seg.jsp
U mss_g3/smco_evaluator_filter_body.jsp
U mss_g3/smco_evaluator_seg_body.jsp
U mss_g3/smco_evaluator_seg_filter_body.jsp
U mss_g3/smco_evaluator_val.jsp
U mss_g3/smco_g3_dev_plan_emp.jsp
U mss_g3/smco_g3_dev_plan_emp_mod.jsp
U mss_g3/smco_g3_dev_plan_emp_new.jsp
U mss_g3/smco_g3_dev_plan_seg.jsp
U mss_g3/smco_g3_dev_plan_seg_data.jsp
U mss_g3/smco_g3_p31_feedback_body.jsp
U mss_g3/smco_iv_info_usuario.jsp
U mss_g3/smco_iv_trans.jsp
U mss_g3/smco_pm_modification.jsp
U mss_g3/smco_pm_wz_job_pos.jsp
U mss_g3/smco_pm_wz_transfer.jsp
U mss_g3/english/REF_WEEK_ADDREG.JSP
U mss_g3/english/REF_WEEK_DELETE.JSP
U mss_g3/english/REF_WEEK_UPDATE.JSP
U mss_g3/english/comentario.jsp
U mss_g3/english/mss_g3_eliminar_wiz2.jsp
U mss_g3/english/mss_g3_eliminar_wiz3.jsp
U mss_g3/english/mss_g3_eliminar_wiz4.jsp
U mss_g3/english/mss_g3_eliminar_wiz5.jsp
U mss_g3/english/mss_g3_eliminar_wiz6.jsp
U mss_g3/english/mss_g3_eliminar_wiz7.jsp
U mss_g3/english/mss_g3_links_wizzard.jsp
U mss_g3/english/mss_g3_menu.jsp
U mss_g3/english/mss_g3_p1.jsp
U mss_g3/english/mss_g3_p10.jsp
U mss_g3/english/mss_g3_p10_2.jsp
U mss_g3/english/mss_g3_p11.jsp
U mss_g3/english/mss_g3_p12.jsp
U mss_g3/english/mss_g3_p13.jsp
U mss_g3/english/mss_g3_p13_det.jsp
U mss_g3/english/mss_g3_p14.jsp
U mss_g3/english/mss_g3_p15.jsp
U mss_g3/english/mss_g3_p15_1.jsp
U mss_g3/english/mss_g3_p15_mod1.jsp
U mss_g3/english/mss_g3_p15_smart.jsp
U mss_g3/english/mss_g3_p15_val1.jsp
U mss_g3/english/mss_g3_p16.jsp
U mss_g3/english/mss_g3_p16_close.jsp
U mss_g3/english/mss_g3_p16_comp.jsp
U mss_g3/english/mss_g3_p16_mod.jsp
U mss_g3/english/mss_g3_p16_obj.jsp
U mss_g3/english/mss_g3_p17.jsp
U mss_g3/english/mss_g3_p17_mod.jsp
U mss_g3/english/mss_g3_p18_mod.jsp
U mss_g3/english/mss_g3_p19_val.jsp
U mss_g3/english/mss_g3_p1_des.jsp
U mss_g3/english/mss_g3_p1_det.jsp
U mss_g3/english/mss_g3_p1_wiz1.jsp
U mss_g3/english/mss_g3_p1_wiz2.jsp
U mss_g3/english/mss_g3_p1_wiz3.jsp
U mss_g3/english/mss_g3_p1_wiz4.jsp
U mss_g3/english/mss_g3_p1_wiz5.jsp
U mss_g3/english/mss_g3_p1_wiz6.jsp
U mss_g3/english/mss_g3_p1_wiz7.jsp
U mss_g3/english/mss_g3_p20.jsp
U mss_g3/english/mss_g3_p21.jsp
U mss_g3/english/mss_g3_p22.jsp
U mss_g3/english/mss_g3_p23.jsp
U mss_g3/english/mss_g3_p2_val.jsp
U mss_g3/english/mss_g3_p3_val.jsp
U mss_g3/english/mss_g3_p4_1_val.jsp
U mss_g3/english/mss_g3_p4_mod1.jsp
U mss_g3/english/mss_g3_p4_val.jsp
U mss_g3/english/mss_g3_p5.jsp
U mss_g3/english/mss_g3_p5_mod.jsp
U mss_g3/english/mss_g3_p6.jsp
U mss_g3/english/mss_g3_p6_desc.jsp
U mss_g3/english/mss_g3_p6_desc2.jsp
U mss_g3/english/mss_g3_p6_desc3.jsp
U mss_g3/english/mss_g3_p6_desc4.jsp
U mss_g3/english/mss_g3_p6_desc_info.jsp
U mss_g3/english/mss_g3_p6_info.jsp
U mss_g3/english/mss_g3_p6_insert.jsp
U mss_g3/english/mss_g3_p6_mod1.jsp
U mss_g3/english/mss_g3_p6_mod2.jsp
U mss_g3/english/mss_g3_p8.jsp
U mss_g3/english/mss_g3_p8_desc.jsp
U mss_g3/english/mss_g3_p8_pc.jsp
U mss_g3/english/mss_g3_p9.jsp
U mss_g3/english/mss_g3_persist_wiz.jsp
U mss_g3/english/mss_g3_persist_wiz1.jsp
U mss_g3/english/mss_g3_persist_wiz2.jsp
U mss_g3/english/persist.jsp
U mss_g3/english/prueba_cuerpo.jsp
U mss_g3/english/smco_estimated_req_cost.jsp
U mss_g3/english/smco_estimated_req_cost_empl.jsp
U mss_g3/english/smco_estimated_req_detail_cost.jsp
U mss_g3/english/smco_ev_gauss.jsp
U mss_g3/english/smco_eval_criteria.jsp
U mss_g3/english/smco_evaluator.jsp
U mss_g3/english/smco_evaluator_filter.jsp
U mss_g3/english/smco_evaluator_seg.jsp
U mss_g3/english/smco_evaluator_seg_act.jsp
U mss_g3/english/smco_evaluator_seg_filter.jsp
U mss_g3/english/smco_evaluator_val.jsp
U mss_g3/english/smco_evaluator_val_act.jsp
U mss_g3/english/smco_g3_dev_plan_act.jsp
U mss_g3/english/smco_g3_dev_plan_emp.jsp
U mss_g3/english/smco_g3_dev_plan_emp_mod.jsp
U mss_g3/english/smco_g3_dev_plan_emp_new.jsp
U mss_g3/english/smco_g3_dev_plan_emp_rec.jsp
U mss_g3/english/smco_g3_dev_plan_emp_rec_act.jsp
U mss_g3/english/smco_g3_dev_plan_emp_rec_filter.jsp
U mss_g3/english/smco_g3_dev_plan_filter.jsp
U mss_g3/english/smco_g3_dev_plan_seg.jsp
U mss_g3/english/smco_g3_dev_plan_seg_data.jsp
U mss_g3/english/smco_g3_oeval_g.jsp
U mss_g3/english/smco_g3_p17_mod_prof.jsp
U mss_g3/english/smco_g3_p30.jsp
U mss_g3/english/smco_g3_p30_det.jsp
U mss_g3/english/smco_g3_p30_list.jsp
U mss_g3/english/smco_g3_p30_pet.jsp
U mss_g3/english/smco_g3_p30_send.jsp
U mss_g3/english/smco_g3_p30_val.jsp
U mss_g3/english/smco_g3_p31.jsp
U mss_g3/english/smco_g3_p31_det.jsp
U mss_g3/english/smco_g3_p31_feedback.jsp
U mss_g3/english/smco_g3_p32.jsp
U mss_g3/english/smco_g3_p32_val.jsp
U mss_g3/english/smco_iv_info_usuario.jsp
U mss_g3/english/smco_objetives.jsp
U mss_g3/english/smco_pm_gen_act_desencrypt.jsp
U mss_g3/english/smco_pm_modification.jsp
U mss_g3/english/smco_pm_wz_job_pos.jsp
U mss_g3/english/smco_pm_wz_transfer.jsp
U mss_g3/english/smco_viewcomment.jsp
U mss_g3/english/ssco_evaluator_act.jsp
U mss_g3/english/ssco_evaluator_notes.jsp
U mss_g3/espanol/REF_WEEK_ADDREG.JSP
U mss_g3/espanol/REF_WEEK_DELETE.JSP
U mss_g3/espanol/REF_WEEK_UPDATE.JSP
U mss_g3/espanol/comentario.jsp
U mss_g3/espanol/mss_g3_eliminar_wiz2.jsp
U mss_g3/espanol/mss_g3_eliminar_wiz3.jsp
U mss_g3/espanol/mss_g3_eliminar_wiz4.jsp
U mss_g3/espanol/mss_g3_eliminar_wiz5.jsp
U mss_g3/espanol/mss_g3_eliminar_wiz6.jsp
U mss_g3/espanol/mss_g3_eliminar_wiz7.jsp
U mss_g3/espanol/mss_g3_links_wizzard.jsp
U mss_g3/espanol/mss_g3_menu.jsp
U mss_g3/espanol/mss_g3_p1.jsp
U mss_g3/espanol/mss_g3_p10.jsp
U mss_g3/espanol/mss_g3_p10_2.jsp
U mss_g3/espanol/mss_g3_p11.jsp
U mss_g3/espanol/mss_g3_p12.jsp
U mss_g3/espanol/mss_g3_p13.jsp
U mss_g3/espanol/mss_g3_p13_det.jsp
U mss_g3/espanol/mss_g3_p14.jsp
U mss_g3/espanol/mss_g3_p15.jsp
U mss_g3/espanol/mss_g3_p15_1.jsp
U mss_g3/espanol/mss_g3_p15_mod1.jsp
U mss_g3/espanol/mss_g3_p15_smart.jsp
U mss_g3/espanol/mss_g3_p15_val1.jsp
U mss_g3/espanol/mss_g3_p16.jsp
U mss_g3/espanol/mss_g3_p16_close.jsp
U mss_g3/espanol/mss_g3_p16_comp.jsp
U mss_g3/espanol/mss_g3_p16_mod.jsp
U mss_g3/espanol/mss_g3_p16_obj.jsp
U mss_g3/espanol/mss_g3_p17.jsp
U mss_g3/espanol/mss_g3_p17_mod.jsp
U mss_g3/espanol/mss_g3_p18_mod.jsp
U mss_g3/espanol/mss_g3_p1_des.jsp
U mss_g3/espanol/mss_g3_p1_det.jsp
U mss_g3/espanol/mss_g3_p1_wiz1.jsp
U mss_g3/espanol/mss_g3_p1_wiz2.jsp
U mss_g3/espanol/mss_g3_p1_wiz3.jsp
U mss_g3/espanol/mss_g3_p1_wiz4.jsp
U mss_g3/espanol/mss_g3_p1_wiz5.jsp
U mss_g3/espanol/mss_g3_p1_wiz6.jsp
U mss_g3/espanol/mss_g3_p1_wiz7.jsp
U mss_g3/espanol/mss_g3_p20.jsp
U mss_g3/espanol/mss_g3_p21.jsp
U mss_g3/espanol/mss_g3_p22.jsp
U mss_g3/espanol/mss_g3_p23.jsp
U mss_g3/espanol/mss_g3_p2_val.jsp
U mss_g3/espanol/mss_g3_p3_val.jsp
U mss_g3/espanol/mss_g3_p4_1_val.jsp
U mss_g3/espanol/mss_g3_p5.jsp
U mss_g3/espanol/mss_g3_p5_mod.jsp
U mss_g3/espanol/mss_g3_p6.jsp
U mss_g3/espanol/mss_g3_p6_desc.jsp
U mss_g3/espanol/mss_g3_p6_desc2.jsp
U mss_g3/espanol/mss_g3_p6_desc3.jsp
U mss_g3/espanol/mss_g3_p6_desc4.jsp
U mss_g3/espanol/mss_g3_p6_desc_info.jsp
U mss_g3/espanol/mss_g3_p6_info.jsp
U mss_g3/espanol/mss_g3_p6_insert.jsp
U mss_g3/espanol/mss_g3_p6_mod1.jsp
U mss_g3/espanol/mss_g3_p6_mod2.jsp
U mss_g3/espanol/mss_g3_p8.jsp
U mss_g3/espanol/mss_g3_p8_desc.jsp
U mss_g3/espanol/mss_g3_p8_pc.jsp
U mss_g3/espanol/mss_g3_p9.jsp
U mss_g3/espanol/mss_g3_persist_wiz.jsp
U mss_g3/espanol/mss_g3_persist_wiz1.jsp
U mss_g3/espanol/mss_g3_persist_wiz2.jsp
U mss_g3/espanol/persist.jsp
U mss_g3/espanol/prueba_cuerpo.jsp
U mss_g3/espanol/smco_estimated_req_cost.jsp
U mss_g3/espanol/smco_estimated_req_cost_empl.jsp
U mss_g3/espanol/smco_estimated_req_detail_cost.jsp
U mss_g3/espanol/smco_ev_gauss.jsp
U mss_g3/espanol/smco_eval_criteria.jsp
U mss_g3/espanol/smco_evaluator.jsp
U mss_g3/espanol/smco_evaluator_filter.jsp
U mss_g3/espanol/smco_evaluator_seg.jsp
U mss_g3/espanol/smco_evaluator_seg_act.jsp
U mss_g3/espanol/smco_evaluator_seg_filter.jsp
U mss_g3/espanol/smco_evaluator_val.jsp
U mss_g3/espanol/smco_evaluator_val_act.jsp
U mss_g3/espanol/smco_g3_dev_plan_act.jsp
U mss_g3/espanol/smco_g3_dev_plan_emp.jsp
U mss_g3/espanol/smco_g3_dev_plan_emp_mod.jsp
U mss_g3/espanol/smco_g3_dev_plan_emp_new.jsp
U mss_g3/espanol/smco_g3_dev_plan_emp_rec.jsp
U mss_g3/espanol/smco_g3_dev_plan_emp_rec_act.jsp
U mss_g3/espanol/smco_g3_dev_plan_emp_rec_filter.jsp
U mss_g3/espanol/smco_g3_dev_plan_filter.jsp
U mss_g3/espanol/smco_g3_dev_plan_seg.jsp
U mss_g3/espanol/smco_g3_dev_plan_seg_data.jsp
U mss_g3/espanol/smco_g3_oeval_g.jsp
U mss_g3/espanol/smco_g3_p17_mod_prof.jsp
U mss_g3/espanol/smco_g3_p30.jsp
U mss_g3/espanol/smco_g3_p30_det.jsp
U mss_g3/espanol/smco_g3_p30_list.jsp
U mss_g3/espanol/smco_g3_p30_pet.jsp
U mss_g3/espanol/smco_g3_p30_send.jsp
U mss_g3/espanol/smco_g3_p30_val.jsp
U mss_g3/espanol/smco_g3_p31.jsp
U mss_g3/espanol/smco_g3_p31_det.jsp
U mss_g3/espanol/smco_g3_p31_feedback.jsp
U mss_g3/espanol/smco_g3_p32.jsp
U mss_g3/espanol/smco_g3_p32_val.jsp
U mss_g3/espanol/smco_iv_info_usuario.jsp
U mss_g3/espanol/smco_objetives.jsp
U mss_g3/espanol/smco_pm_gen_act_desencrypt.jsp
U mss_g3/espanol/smco_pm_modification.jsp
U mss_g3/espanol/smco_pm_wz_job_pos.jsp
U mss_g3/espanol/smco_pm_wz_transfer.jsp
U mss_g3/espanol/smco_viewcomment.jsp
U mss_g3/espanol/ssco_evaluator_act.jsp
U mss_g3/espanol/ssco_evaluator_notes.jsp
U mss_g3/espanol/sse_g3_p9.jsp
U mss_g3/francais/REF_WEEK_ADDREG.JSP
U mss_g3/francais/REF_WEEK_DELETE.JSP
U mss_g3/francais/REF_WEEK_UPDATE.JSP
U mss_g3/francais/comentario.jsp
U mss_g3/francais/mss_g3_eliminar_wiz2.jsp
U mss_g3/francais/mss_g3_eliminar_wiz3.jsp
U mss_g3/francais/mss_g3_eliminar_wiz4.jsp
U mss_g3/francais/mss_g3_eliminar_wiz5.jsp
U mss_g3/francais/mss_g3_eliminar_wiz6.jsp
U mss_g3/francais/mss_g3_eliminar_wiz7.jsp
U mss_g3/francais/mss_g3_links_wizzard.jsp
U mss_g3/francais/mss_g3_menu.jsp
U mss_g3/francais/mss_g3_p1.jsp
U mss_g3/francais/mss_g3_p10.jsp
U mss_g3/francais/mss_g3_p10_2.jsp
U mss_g3/francais/mss_g3_p11.jsp
U mss_g3/francais/mss_g3_p12.jsp
U mss_g3/francais/mss_g3_p13.jsp
U mss_g3/francais/mss_g3_p13_det.jsp
U mss_g3/francais/mss_g3_p14.jsp
U mss_g3/francais/mss_g3_p15.jsp
U mss_g3/francais/mss_g3_p15_1.jsp
U mss_g3/francais/mss_g3_p15_mod1.jsp
U mss_g3/francais/mss_g3_p15_smart.jsp
U mss_g3/francais/mss_g3_p15_val1.jsp
U mss_g3/francais/mss_g3_p16.jsp
U mss_g3/francais/mss_g3_p16_close.jsp
U mss_g3/francais/mss_g3_p16_comp.jsp
U mss_g3/francais/mss_g3_p16_mod.jsp
U mss_g3/francais/mss_g3_p16_obj.jsp
U mss_g3/francais/mss_g3_p17.jsp
U mss_g3/francais/mss_g3_p17_mod.jsp
U mss_g3/francais/mss_g3_p18_mod.jsp
U mss_g3/francais/mss_g3_p19_val.jsp
U mss_g3/francais/mss_g3_p1_des.jsp
U mss_g3/francais/mss_g3_p1_det.jsp
U mss_g3/francais/mss_g3_p1_wiz1.jsp
U mss_g3/francais/mss_g3_p1_wiz2.jsp
U mss_g3/francais/mss_g3_p1_wiz3.jsp
U mss_g3/francais/mss_g3_p1_wiz4.jsp
U mss_g3/francais/mss_g3_p1_wiz5.jsp
U mss_g3/francais/mss_g3_p1_wiz6.jsp
U mss_g3/francais/mss_g3_p1_wiz7.jsp
U mss_g3/francais/mss_g3_p20.jsp
U mss_g3/francais/mss_g3_p21.jsp
U mss_g3/francais/mss_g3_p22.jsp
U mss_g3/francais/mss_g3_p23.jsp
U mss_g3/francais/mss_g3_p2_val.jsp
U mss_g3/francais/mss_g3_p3_val.jsp
U mss_g3/francais/mss_g3_p4_1_val.jsp
U mss_g3/francais/mss_g3_p4_mod1.jsp
U mss_g3/francais/mss_g3_p4_val.jsp
U mss_g3/francais/mss_g3_p5.jsp
U mss_g3/francais/mss_g3_p5_mod.jsp
U mss_g3/francais/mss_g3_p6.jsp
U mss_g3/francais/mss_g3_p6_desc.jsp
U mss_g3/francais/mss_g3_p6_desc2.jsp
U mss_g3/francais/mss_g3_p6_desc3.jsp
U mss_g3/francais/mss_g3_p6_desc4.jsp
U mss_g3/francais/mss_g3_p6_desc_info.jsp
U mss_g3/francais/mss_g3_p6_info.jsp
U mss_g3/francais/mss_g3_p6_insert.jsp
U mss_g3/francais/mss_g3_p6_mod1.jsp
U mss_g3/francais/mss_g3_p6_mod2.jsp
U mss_g3/francais/mss_g3_p8.jsp
U mss_g3/francais/mss_g3_p8_desc.jsp
U mss_g3/francais/mss_g3_p8_pc.jsp
U mss_g3/francais/mss_g3_p9.jsp
U mss_g3/francais/mss_g3_persist_wiz.jsp
U mss_g3/francais/mss_g3_persist_wiz1.jsp
U mss_g3/francais/mss_g3_persist_wiz2.jsp
U mss_g3/francais/persist.jsp
U mss_g3/francais/prueba_cuerpo.jsp
U mss_g3/francais/smco_estimated_req_cost.jsp
U mss_g3/francais/smco_estimated_req_cost_empl.jsp
U mss_g3/francais/smco_estimated_req_detail_cost.jsp
U mss_g3/francais/smco_ev_gauss.jsp
U mss_g3/francais/smco_eval_criteria.jsp
U mss_g3/francais/smco_evaluator.jsp
U mss_g3/francais/smco_evaluator_filter.jsp
U mss_g3/francais/smco_evaluator_seg.jsp
U mss_g3/francais/smco_evaluator_seg_act.jsp
U mss_g3/francais/smco_evaluator_seg_filter.jsp
U mss_g3/francais/smco_evaluator_val.jsp
U mss_g3/francais/smco_evaluator_val_act.jsp
U mss_g3/francais/smco_g3_dev_plan_act.jsp
U mss_g3/francais/smco_g3_dev_plan_emp.jsp
U mss_g3/francais/smco_g3_dev_plan_emp_mod.jsp
U mss_g3/francais/smco_g3_dev_plan_emp_new.jsp
U mss_g3/francais/smco_g3_dev_plan_emp_rec.jsp
U mss_g3/francais/smco_g3_dev_plan_emp_rec_act.jsp
U mss_g3/francais/smco_g3_dev_plan_emp_rec_filter.jsp
U mss_g3/francais/smco_g3_dev_plan_filter.jsp
U mss_g3/francais/smco_g3_dev_plan_seg.jsp
U mss_g3/francais/smco_g3_dev_plan_seg_data.jsp
U mss_g3/francais/smco_g3_oeval_g.jsp
U mss_g3/francais/smco_g3_p17_mod_prof.jsp
U mss_g3/francais/smco_g3_p30.jsp
U mss_g3/francais/smco_g3_p30_det.jsp
U mss_g3/francais/smco_g3_p30_list.jsp
U mss_g3/francais/smco_g3_p30_pet.jsp
U mss_g3/francais/smco_g3_p30_send.jsp
U mss_g3/francais/smco_g3_p30_val.jsp
U mss_g3/francais/smco_g3_p31.jsp
U mss_g3/francais/smco_g3_p31_det.jsp
U mss_g3/francais/smco_g3_p31_feedback.jsp
U mss_g3/francais/smco_g3_p32.jsp
U mss_g3/francais/smco_g3_p32_val.jsp
U mss_g3/francais/smco_iv_info_usuario.jsp
U mss_g3/francais/smco_objetives.jsp
U mss_g3/francais/smco_pm_gen_act_desencrypt.jsp
U mss_g3/francais/smco_pm_modification.jsp
U mss_g3/francais/smco_pm_wz_job_pos.jsp
U mss_g3/francais/smco_pm_wz_transfer.jsp
U mss_g3/francais/smco_viewcomment.jsp
U mss_g3/francais/ssco_evaluator_act.jsp
U mss_g3/francais/ssco_evaluator_notes.jsp
U mss_g3/portugues/REF_WEEK_ADDREG.JSP
U mss_g3/portugues/REF_WEEK_DELETE.JSP
U mss_g3/portugues/REF_WEEK_UPDATE.JSP
U mss_g3/portugues/comentario.jsp
U mss_g3/portugues/mss_g3_eliminar_wiz2.jsp
U mss_g3/portugues/mss_g3_eliminar_wiz3.jsp
U mss_g3/portugues/mss_g3_eliminar_wiz4.jsp
U mss_g3/portugues/mss_g3_eliminar_wiz5.jsp
U mss_g3/portugues/mss_g3_eliminar_wiz6.jsp
U mss_g3/portugues/mss_g3_eliminar_wiz7.jsp
U mss_g3/portugues/mss_g3_links_wizzard.jsp
U mss_g3/portugues/mss_g3_menu.jsp
U mss_g3/portugues/mss_g3_p1.jsp
U mss_g3/portugues/mss_g3_p10.jsp
U mss_g3/portugues/mss_g3_p10_2.jsp
U mss_g3/portugues/mss_g3_p11.jsp
U mss_g3/portugues/mss_g3_p12.jsp
U mss_g3/portugues/mss_g3_p13.jsp
U mss_g3/portugues/mss_g3_p13_det.jsp
U mss_g3/portugues/mss_g3_p14.jsp
U mss_g3/portugues/mss_g3_p15.jsp
U mss_g3/portugues/mss_g3_p15_1.jsp
U mss_g3/portugues/mss_g3_p15_mod1.jsp
U mss_g3/portugues/mss_g3_p15_smart.jsp
U mss_g3/portugues/mss_g3_p15_val1.jsp
U mss_g3/portugues/mss_g3_p16.jsp
U mss_g3/portugues/mss_g3_p16_close.jsp
U mss_g3/portugues/mss_g3_p16_comp.jsp
U mss_g3/portugues/mss_g3_p16_mod.jsp
U mss_g3/portugues/mss_g3_p16_obj.jsp
U mss_g3/portugues/mss_g3_p17.jsp
U mss_g3/portugues/mss_g3_p17_mod.jsp
U mss_g3/portugues/mss_g3_p18_mod.jsp
U mss_g3/portugues/mss_g3_p19_val.jsp
U mss_g3/portugues/mss_g3_p1_des.jsp
U mss_g3/portugues/mss_g3_p1_det.jsp
U mss_g3/portugues/mss_g3_p1_wiz1.jsp
U mss_g3/portugues/mss_g3_p1_wiz2.jsp
U mss_g3/portugues/mss_g3_p1_wiz3.jsp
U mss_g3/portugues/mss_g3_p1_wiz4.jsp
U mss_g3/portugues/mss_g3_p1_wiz5.jsp
U mss_g3/portugues/mss_g3_p1_wiz6.jsp
U mss_g3/portugues/mss_g3_p1_wiz7.jsp
U mss_g3/portugues/mss_g3_p20.jsp
U mss_g3/portugues/mss_g3_p21.jsp
U mss_g3/portugues/mss_g3_p22.jsp
U mss_g3/portugues/mss_g3_p23.jsp
U mss_g3/portugues/mss_g3_p2_val.jsp
U mss_g3/portugues/mss_g3_p3_val.jsp
U mss_g3/portugues/mss_g3_p4_1_val.jsp
U mss_g3/portugues/mss_g3_p4_mod1.jsp
U mss_g3/portugues/mss_g3_p4_val.jsp
U mss_g3/portugues/mss_g3_p5.jsp
U mss_g3/portugues/mss_g3_p5_mod.jsp
U mss_g3/portugues/mss_g3_p6.jsp
U mss_g3/portugues/mss_g3_p6_desc.jsp
U mss_g3/portugues/mss_g3_p6_desc2.jsp
U mss_g3/portugues/mss_g3_p6_desc3.jsp
U mss_g3/portugues/mss_g3_p6_desc4.jsp
U mss_g3/portugues/mss_g3_p6_desc_info.jsp
U mss_g3/portugues/mss_g3_p6_info.jsp
U mss_g3/portugues/mss_g3_p6_insert.jsp
U mss_g3/portugues/mss_g3_p6_mod1.jsp
U mss_g3/portugues/mss_g3_p6_mod2.jsp
U mss_g3/portugues/mss_g3_p8.jsp
U mss_g3/portugues/mss_g3_p8_desc.jsp
U mss_g3/portugues/mss_g3_p8_pc.jsp
U mss_g3/portugues/mss_g3_p9.jsp
U mss_g3/portugues/mss_g3_persist_wiz.jsp
U mss_g3/portugues/mss_g3_persist_wiz1.jsp
U mss_g3/portugues/mss_g3_persist_wiz2.jsp
U mss_g3/portugues/persist.jsp
U mss_g3/portugues/prueba_cuerpo.jsp
U mss_g3/portugues/smco_estimated_req_cost.jsp
U mss_g3/portugues/smco_estimated_req_cost_empl.jsp
U mss_g3/portugues/smco_estimated_req_detail_cost.jsp
U mss_g3/portugues/smco_ev_gauss.jsp
U mss_g3/portugues/smco_eval_criteria.jsp
U mss_g3/portugues/smco_evaluator.jsp
U mss_g3/portugues/smco_evaluator_filter.jsp
U mss_g3/portugues/smco_evaluator_seg.jsp
U mss_g3/portugues/smco_evaluator_seg_act.jsp
U mss_g3/portugues/smco_evaluator_seg_filter.jsp
U mss_g3/portugues/smco_evaluator_val.jsp
U mss_g3/portugues/smco_evaluator_val_act.jsp
U mss_g3/portugues/smco_g3_dev_plan_act.jsp
U mss_g3/portugues/smco_g3_dev_plan_emp.jsp
U mss_g3/portugues/smco_g3_dev_plan_emp_mod.jsp
U mss_g3/portugues/smco_g3_dev_plan_emp_new.jsp
U mss_g3/portugues/smco_g3_dev_plan_emp_rec.jsp
U mss_g3/portugues/smco_g3_dev_plan_emp_rec_act.jsp
U mss_g3/portugues/smco_g3_dev_plan_emp_rec_filter.jsp
U mss_g3/portugues/smco_g3_dev_plan_filter.jsp
U mss_g3/portugues/smco_g3_dev_plan_seg.jsp
U mss_g3/portugues/smco_g3_dev_plan_seg_data.jsp
U mss_g3/portugues/smco_g3_oeval_g.jsp
U mss_g3/portugues/smco_g3_p17_mod_prof.jsp
U mss_g3/portugues/smco_g3_p30.jsp
U mss_g3/portugues/smco_g3_p30_det.jsp
U mss_g3/portugues/smco_g3_p30_list.jsp
U mss_g3/portugues/smco_g3_p30_pet.jsp
U mss_g3/portugues/smco_g3_p30_send.jsp
U mss_g3/portugues/smco_g3_p30_val.jsp
U mss_g3/portugues/smco_g3_p31.jsp
U mss_g3/portugues/smco_g3_p31_det.jsp
U mss_g3/portugues/smco_g3_p31_feedback.jsp
U mss_g3/portugues/smco_g3_p32.jsp
U mss_g3/portugues/smco_g3_p32_val.jsp
U mss_g3/portugues/smco_iv_info_usuario.jsp
U mss_g3/portugues/smco_objetives.jsp
U mss_g3/portugues/smco_pm_gen_act_desencrypt.jsp
U mss_g3/portugues/smco_pm_modification.jsp
U mss_g3/portugues/smco_pm_wz_job_pos.jsp
U mss_g3/portugues/smco_pm_wz_transfer.jsp
U mss_g3/portugues/smco_viewcomment.jsp
U mss_g3/portugues/ssco_evaluator_act.jsp
U mss_g3/portugues/ssco_evaluator_notes.jsp
U mss_g4/mss_g4_gta_delete_masive_incidences_body.jsp
U mss_g4/mss_g4_gta_masive_incidences_body.jsp
U mss_g4/mss_g4_p1_val_body.jsp
U mss_g4/smco_ab_manual_adjustment.jsp
U mss_g4/smco_ab_trans.jsp
U mss_g4/smco_ab_vacation_filter.jsp
U mss_g4/english/act_val_vac.jsp
U mss_g4/english/mss_g4_gta_delete_masive_incidences.jsp
U mss_g4/english/mss_g4_gta_masive_incidences.jsp
U mss_g4/english/mss_g4_gta_planning.jsp
U mss_g4/english/mss_g4_gta_timesheet.jsp
U mss_g4/english/mss_g4_gta_timesheet_employee.jsp
U mss_g4/english/mss_g4_gta_timesheet_json_actions.jsp
U mss_g4/english/mss_g4_gta_view_alerts.jsp
U mss_g4/english/mss_g4_gta_view_alerts_actions_json.jsp
U mss_g4/english/mss_g4_list_day_type.jsp
U mss_g4/english/mss_g4_list_people.jsp
U mss_g4/english/mss_g4_menu.jsp
U mss_g4/english/mss_g4_p1_val.jsp
U mss_g4/english/mss_g4_p1_val2.jsp
U mss_g4/english/mss_g4_p2_detail.jsp
U mss_g4/english/mss_g4_p2_val.jsp
U mss_g4/english/mss_g4_p2_val_stat.jsp
U mss_g4/english/mss_g4_p3.jsp
U mss_g4/english/smco_ab_manual_adjustment.jsp
U mss_g4/english/smco_ab_vacation_filter.jsp
U mss_g4/espanol/act_val_vac.jsp
U mss_g4/espanol/mss_g4_gta_delete_masive_incidences.jsp
U mss_g4/espanol/mss_g4_gta_masive_incidences.jsp
U mss_g4/espanol/mss_g4_gta_planning.jsp
U mss_g4/espanol/mss_g4_gta_timesheet.jsp
U mss_g4/espanol/mss_g4_gta_timesheet_employee.jsp
U mss_g4/espanol/mss_g4_gta_timesheet_json_actions.jsp
U mss_g4/espanol/mss_g4_gta_view_alerts.jsp
U mss_g4/espanol/mss_g4_gta_view_alerts_actions_json.jsp
U mss_g4/espanol/mss_g4_list_day_type.jsp
U mss_g4/espanol/mss_g4_list_people.jsp
U mss_g4/espanol/mss_g4_menu.jsp
U mss_g4/espanol/mss_g4_p1_val.jsp
U mss_g4/espanol/mss_g4_p1_val2.jsp
U mss_g4/espanol/mss_g4_p2_detail.jsp
U mss_g4/espanol/mss_g4_p2_val.jsp
U mss_g4/espanol/mss_g4_p2_val_stat.jsp
U mss_g4/espanol/mss_g4_p3.jsp
U mss_g4/espanol/smco_ab_manual_adjustment.jsp
U mss_g4/espanol/smco_ab_vacation_filter.jsp
U mss_g4/francais/act_val_vac.jsp
U mss_g4/francais/mss_g4_gta_delete_masive_incidences.jsp
U mss_g4/francais/mss_g4_gta_masive_incidences.jsp
U mss_g4/francais/mss_g4_gta_planning.jsp
U mss_g4/francais/mss_g4_gta_timesheet.jsp
U mss_g4/francais/mss_g4_gta_timesheet_employee.jsp
U mss_g4/francais/mss_g4_gta_timesheet_json_actions.jsp
U mss_g4/francais/mss_g4_gta_view_alerts.jsp
U mss_g4/francais/mss_g4_gta_view_alerts_actions_json.jsp
U mss_g4/francais/mss_g4_list_day_type.jsp
U mss_g4/francais/mss_g4_list_people.jsp
U mss_g4/francais/mss_g4_menu.jsp
U mss_g4/francais/mss_g4_p1_val.jsp
U mss_g4/francais/mss_g4_p1_val2.jsp
U mss_g4/francais/mss_g4_p2_detail.jsp
U mss_g4/francais/mss_g4_p2_val.jsp
U mss_g4/francais/mss_g4_p2_val_stat.jsp
U mss_g4/francais/mss_g4_p3.jsp
U mss_g4/francais/smco_ab_manual_adjustment.jsp
U mss_g4/francais/smco_ab_vacation_filter.jsp
U mss_g4/portugues/act_val_vac.jsp
U mss_g4/portugues/mss_g4_gta_delete_masive_incidences.jsp
U mss_g4/portugues/mss_g4_gta_masive_incidences.jsp
U mss_g4/portugues/mss_g4_gta_planning.jsp
U mss_g4/portugues/mss_g4_gta_timesheet.jsp
U mss_g4/portugues/mss_g4_gta_timesheet_employee.jsp
U mss_g4/portugues/mss_g4_gta_timesheet_json_actions.jsp
U mss_g4/portugues/mss_g4_gta_view_alerts.jsp
U mss_g4/portugues/mss_g4_gta_view_alerts_actions_json.jsp
U mss_g4/portugues/mss_g4_list_day_type.jsp
U mss_g4/portugues/mss_g4_list_people.jsp
U mss_g4/portugues/mss_g4_menu.jsp
U mss_g4/portugues/mss_g4_p1_val.jsp
U mss_g4/portugues/mss_g4_p1_val2.jsp
U mss_g4/portugues/mss_g4_p2_detail.jsp
U mss_g4/portugues/mss_g4_p2_val.jsp
U mss_g4/portugues/mss_g4_p2_val_stat.jsp
U mss_g4/portugues/mss_g4_p3.jsp
U mss_g4/portugues/smco_ab_manual_adjustment.jsp
U mss_g4/portugues/smco_ab_vacation_filter.jsp
U mss_generico/mss_cr_trans.jsp
U mss_generico/mss_delegation_informacion_usuario.jsp
U mss_generico/mss_delegation_trans.jsp
U mss_generico/mss_filter_trans.jsp
U mss_generico/mss_generico_trans.jsp
U mss_generico/shco_mt_list_person.jsp
U mss_generico/smco_employee_cabecera.jsp
U mss_generico/smco_pag.jsp
U mss_generico/smco_pm_redirect.jsp
U mss_generico/smco_pm_submit_details.jsp
U mss_generico/smco_pm_trans.jsp
U mss_generico/smco_portal.jsp
U mss_generico/english/generico_employee.jsp
U mss_generico/english/generico_mapa.jsp
U mss_generico/english/generico_ventanas_modal.jsp
U mss_generico/english/menu_mss.jsp
U mss_generico/english/mss_delegation.jsp
U mss_generico/english/mss_delegation_informacion_usuario.jsp
U mss_generico/english/mss_list_all_employees.jsp
U mss_generico/english/mss_list_employees.jsp
U mss_generico/english/mss_set_wunit_resp.jsp
U mss_generico/english/mss_set_wunit_resp_p.jsp
U mss_generico/english/mss_set_wunit_resp_p2.jsp
U mss_generico/english/mss_set_wunit_resp_p3.jsp
U mss_generico/english/mss_set_wunit_resp_p4.jsp
U mss_generico/english/mss_wunit_detail.jsp
U mss_generico/english/mssgenerico_disclaimer.jsp
U mss_generico/english/mssgenerico_fecha.jsp
U mss_generico/english/mssgenerico_filtro.jsp
U mss_generico/english/mssgenerico_filtro_emp.jsp
U mss_generico/english/mssgenerico_filtro_val.jsp
U mss_generico/english/mssgenerico_filtro_val_without_emp.jsp
U mss_generico/english/mssgenerico_menusup.jsp
U mss_generico/english/mssgenerico_menusup2.jsp
U mss_generico/english/mssgenerico_path.jsp
U mss_generico/english/mssgenerico_pendientes.jsp
U mss_generico/english/mssgenerico_period.jsp
U mss_generico/english/mssgenerico_portal.jsp
U mss_generico/english/shco_mt_list_person.jsp
U mss_generico/english/smco_pm_redirect.jsp
U mss_generico/english/smco_pm_submit_details.jsp
U mss_generico/english/smco_pm_trans.jsp
U mss_generico/english/smco_portal.jsp
U mss_generico/espanol/generico_employee.jsp
U mss_generico/espanol/generico_mapa.jsp
U mss_generico/espanol/generico_ventanas_modal.jsp
U mss_generico/espanol/menu_mss.jsp
U mss_generico/espanol/mss_delegation.jsp
U mss_generico/espanol/mss_delegation_informacion_usuario.jsp
U mss_generico/espanol/mss_list_all_employees.jsp
U mss_generico/espanol/mss_list_employees.jsp
U mss_generico/espanol/mss_set_wunit_resp.jsp
U mss_generico/espanol/mss_set_wunit_resp_p.jsp
U mss_generico/espanol/mss_set_wunit_resp_p2.jsp
U mss_generico/espanol/mss_set_wunit_resp_p3.jsp
U mss_generico/espanol/mss_set_wunit_resp_p4.jsp
U mss_generico/espanol/mss_wunit_detail.jsp
U mss_generico/espanol/mssgenerico_disclaimer.jsp
U mss_generico/espanol/mssgenerico_fecha.jsp
U mss_generico/espanol/mssgenerico_filtro.jsp
U mss_generico/espanol/mssgenerico_filtro_emp.jsp
U mss_generico/espanol/mssgenerico_filtro_val.jsp
U mss_generico/espanol/mssgenerico_filtro_val_without_emp.jsp
U mss_generico/espanol/mssgenerico_menusup.jsp
U mss_generico/espanol/mssgenerico_menusup2.jsp
U mss_generico/espanol/mssgenerico_path.jsp
U mss_generico/espanol/mssgenerico_pendientes.jsp
U mss_generico/espanol/mssgenerico_period.jsp
U mss_generico/espanol/mssgenerico_portal.jsp
U mss_generico/espanol/shco_mt_list_person.jsp
U mss_generico/espanol/smco_pm_redirect.jsp
U mss_generico/espanol/smco_pm_submit_details.jsp
U mss_generico/espanol/smco_pm_trans.jsp
U mss_generico/espanol/smco_portal.jsp
U mss_generico/francais/generico_employee.jsp
U mss_generico/francais/generico_mapa.jsp
U mss_generico/francais/generico_ventanas_modal.jsp
U mss_generico/francais/menu_mss.jsp
U mss_generico/francais/mss_delegation.jsp
U mss_generico/francais/mss_delegation_informacion_usuario.jsp
U mss_generico/francais/mss_list_all_employees.jsp
U mss_generico/francais/mss_list_employees.jsp
U mss_generico/francais/mss_set_wunit_resp.jsp
U mss_generico/francais/mss_set_wunit_resp_p.jsp
U mss_generico/francais/mss_set_wunit_resp_p2.jsp
U mss_generico/francais/mss_set_wunit_resp_p3.jsp
U mss_generico/francais/mss_set_wunit_resp_p4.jsp
U mss_generico/francais/mss_wunit_detail.jsp
U mss_generico/francais/mssgenerico_disclaimer.jsp
U mss_generico/francais/mssgenerico_fecha.jsp
U mss_generico/francais/mssgenerico_filtro.jsp
U mss_generico/francais/mssgenerico_filtro_emp.jsp
U mss_generico/francais/mssgenerico_filtro_val.jsp
U mss_generico/francais/mssgenerico_filtro_val_without_emp.jsp
U mss_generico/francais/mssgenerico_menusup.jsp
U mss_generico/francais/mssgenerico_menusup2.jsp
U mss_generico/francais/mssgenerico_path.jsp
U mss_generico/francais/mssgenerico_pendientes.jsp
U mss_generico/francais/mssgenerico_period.jsp
U mss_generico/francais/mssgenerico_portal.jsp
U mss_generico/francais/shco_mt_list_person.jsp
U mss_generico/francais/smco_pm_redirect.jsp
U mss_generico/francais/smco_pm_submit_details.jsp
U mss_generico/francais/smco_pm_trans.jsp
U mss_generico/francais/smco_portal.jsp
U mss_generico/portugues/generico_employee.jsp
U mss_generico/portugues/generico_mapa.jsp
U mss_generico/portugues/generico_ventanas_modal.jsp
U mss_generico/portugues/menu_mss.jsp
U mss_generico/portugues/mss_delegation.jsp
U mss_generico/portugues/mss_delegation_informacion_usuario.jsp
U mss_generico/portugues/mss_list_all_employees.jsp
U mss_generico/portugues/mss_list_employees.jsp
U mss_generico/portugues/mss_set_wunit_resp.jsp
U mss_generico/portugues/mss_set_wunit_resp_p.jsp
U mss_generico/portugues/mss_set_wunit_resp_p2.jsp
U mss_generico/portugues/mss_set_wunit_resp_p3.jsp
U mss_generico/portugues/mss_set_wunit_resp_p4.jsp
U mss_generico/portugues/mss_wunit_detail.jsp
U mss_generico/portugues/mssgenerico_disclaimer.jsp
U mss_generico/portugues/mssgenerico_fecha.jsp
U mss_generico/portugues/mssgenerico_filtro.jsp
U mss_generico/portugues/mssgenerico_filtro_emp.jsp
U mss_generico/portugues/mssgenerico_filtro_val.jsp
U mss_generico/portugues/mssgenerico_filtro_val_without_emp.jsp
U mss_generico/portugues/mssgenerico_menusup.jsp
U mss_generico/portugues/mssgenerico_menusup2.jsp
U mss_generico/portugues/mssgenerico_path.jsp
U mss_generico/portugues/mssgenerico_pendientes.jsp
U mss_generico/portugues/mssgenerico_period.jsp
U mss_generico/portugues/mssgenerico_portal.jsp
U mss_generico/portugues/shco_mt_list_person.jsp
U mss_generico/portugues/smco_pm_redirect.jsp
U mss_generico/portugues/smco_pm_submit_details.jsp
U mss_generico/portugues/smco_pm_trans.jsp
U mss_generico/portugues/smco_portal.jsp
U plantillas/applicant_feddback_email.jsp
U plantillas/calendarioie.jsp
U plantillas/calendarions.jsp
U plantillas/xhtml_plantilla_base.jsp
U plantillas/xhtml_plantilla_lectura_multiple.jsp
U plantillas/xhtml_plantilla_lectura_simple.jsp
U plantillas/xhtml_plantilla_menu.jsp
U plantillas/xhtml_plantilla_validacion.jsp
U plantillas/english/benefit_simulation.xls
U plantillas/english/ev_gauss.xls
U plantillas/english/eval_g_oeval.xls
U plantillas/english/eval_informe.xls
U plantillas/english/graf_eval.xls
U plantillas/english/graf_eval2.xls
U plantillas/english/mss_salary_revision.xlt
U plantillas/english/sgco_ek_job_hr.xls
U plantillas/espanol/benefit_simulation.xls
U plantillas/espanol/ev_gauss.xls
U plantillas/espanol/eval_g_oeval.xls
U plantillas/espanol/eval_informe.xls
U plantillas/espanol/graf_eval.xls
U plantillas/espanol/graf_eval2.xls
U plantillas/espanol/mss_salary_revision.xlt
U plantillas/espanol/sgco_ek_job_hr.xls
U plantillas/francais/benefit_simulation.xls
U plantillas/francais/ev_gauss.xls
U plantillas/francais/eval_g_oeval.xls
U plantillas/francais/eval_informe.xls
U plantillas/francais/graf_eval.xls
U plantillas/francais/graf_eval2.xls
U plantillas/francais/mss_salary_revision.xlt
U plantillas/francais/sgco_ek_job_hr.xls
U plantillas/portugues/benefit_simulation.xls
U plantillas/portugues/ev_gauss.xls
U plantillas/portugues/eval_g_oeval.xls
U plantillas/portugues/eval_informe.xls
U plantillas/portugues/graf_eval.xls
U plantillas/portugues/graf_eval2.xls
U plantillas/portugues/mss_salary_revision.xlt
U plantillas/portugues/sgco_ek_job_hr.xls
U shco_g0_ess/shco_gen_bag.jsp
U shco_g0_ess/shco_gen_css.jsp
U shco_g0_ess/shco_gen_disclaimer.jsp
U shco_g0_ess/shco_gen_js.jsp
U shco_g0_ess/shco_gen_load_js_msg.jsp
U shco_g0_ess/shco_gen_menusup.jsp
U shco_g0_ess/shco_gen_menusup2.jsp
U shco_g0_ess/shco_login_trans.jsp
U shco_g0_ess/shco_portal_trans.jsp
U shco_g0_mss/shco_gen_bag.jsp
U shco_g0_mss/shco_gen_css.jsp
U shco_g0_mss/shco_gen_disclaimer.jsp
U shco_g0_mss/shco_gen_js.jsp
U shco_g0_mss/shco_gen_load_js_msg.jsp
U shco_g0_mss/shco_gen_menusup.jsp
U shco_g0_mss/shco_gen_menusup2.jsp
U shco_g0_mss/shco_login_trans.jsp
U shco_g0_mss/shco_portal_trans.jsp
U ssco_migrate/SQL/Main Options.sql
U ssco_migrate/SQL/opciones.txt
U ssco_migrate/english/sgco_load_env.jsp
U ssco_migrate/english/ssco_add_menu.jsp
U ssco_migrate/english/ssco_load_menu.jsp
U ssco_migrate/english/ssco_logout.jsp
U ssco_migrate/english/ssco_migrate_config.jsp
U ssco_migrate/english/ssco_migrate_process.jsp
U ssco_migrate/english/ssco_search_menu.jsp
U ssco_migrate/english/xml/en.xml
U ssco_migrate/espanol/sgco_load_env.jsp
U ssco_migrate/espanol/ssco_add_menu.jsp
U ssco_migrate/espanol/ssco_load_menu.jsp
U ssco_migrate/espanol/ssco_logout.jsp
U ssco_migrate/espanol/ssco_migrate_config.jsp
U ssco_migrate/espanol/ssco_migrate_process.jsp
U ssco_migrate/espanol/ssco_search_menu.jsp
U ssco_migrate/espanol/xml/es.xml
U ssco_migrate/francais/sgco_load_env.jsp
U ssco_migrate/francais/ssco_add_menu.jsp
U ssco_migrate/francais/ssco_load_menu.jsp
U ssco_migrate/francais/ssco_logout.jsp
U ssco_migrate/francais/ssco_migrate_config.jsp
U ssco_migrate/francais/ssco_migrate_process.jsp
U ssco_migrate/francais/ssco_search_menu.jsp
U ssco_migrate/francais/xml/fr.xml
U ssco_migrate/portugues/sgco_load_env.jsp
U ssco_migrate/portugues/ssco_add_menu.jsp
U ssco_migrate/portugues/ssco_load_menu.jsp
U ssco_migrate/portugues/ssco_logout.jsp
U ssco_migrate/portugues/ssco_migrate_config.jsp
U ssco_migrate/portugues/ssco_migrate_process.jsp
U ssco_migrate/portugues/ssco_search_menu.jsp
U ssco_migrate/portugues/xml/pt.xml
U ssco_migrate/process/login.jsp
U ssco_migrate/process/ssco_add_menu.jsp
U ssco_migrate/process/ssco_load_menu.jsp
U ssco_migrate/process/ssco_logout.jsp
U ssco_migrate/process/ssco_migrate_config.jsp
U ssco_migrate/process/ssco_migrate_process.jsp
U ssco_migrate/process/ssco_search_menu.jsp
U ssco_migrate/process/css/m4migration.css
U ssco_migrate/process/images/background_title.jpg
U ssco_migrate/process/images/main_login.jpg
U ssco_migrate/process/images/spinner.gif
U ssco_migrate/process/javascript/login.js
U ssco_migrate/process/javascript/m4ajax.js
U ssco_migrate/process/javascript/mootools-1.2.js
U ssco_migrate/process/javascript/mootools.js
U ssco_migrate/process/javascript/ssco_migrate_config.js
U ssco_migrate/process/javascript/ssco_migrate_process.js
U ssco_migrate/process/xml/en.xml
U ssco_migrate/process/xml/es.xml
U ssco_migrate/process/xml/fr.xml
U ssco_migrate/process/xml/pt.xml
U sse_g0/change_password.jsp
U sse_g0/sgco_gen_trans.jsp
U sse_g0/sgco_job_map.jsp
U sse_g0/ssco_dyn_infoperson.jsp
U sse_g0/ssco_dyn_save_type_orgchart.jsp
U sse_g0/ssco_dynamic_orgchart.jsp
U sse_g0/ssco_engine_infpers.jsp
U sse_g0/ssco_engine_org_chart.jsp
U sse_g0/ssco_engine_org_chart_dyn.jsp
U sse_g0/ssco_engine_who.jsp
U sse_g0/ssco_etask_trans.jsp
U sse_g0/ssco_g0_contact.jsp
U sse_g0/ssco_g0_inf_emp.jsp
U sse_g0/ssco_g0_org_chart.jsp
U sse_g0/ssco_g0_org_chart_dyn.jsp
U sse_g0/ssco_g0_who_is_who.jsp
U sse_g0/ssco_list_responsibles.jsp
U sse_g0/ssco_mn_contact.jsp
U sse_g0/sse_hr_period.jsp
U sse_g0/english/_change_password.jsp
U sse_g0/english/_change_password_action.jsp
U sse_g0/english/_change_password_form.jsp
U sse_g0/english/change_password.jsp
U sse_g0/english/change_password_action.jsp
U sse_g0/english/sgco_ek_job_hr.jsp
U sse_g0/english/sgco_job_map.jsp
U sse_g0/english/ssco_change_password.jsp
U sse_g0/english/ssco_dyn_infoperson.jsp
U sse_g0/english/ssco_dyn_save_type_orgchart.jsp
U sse_g0/english/ssco_dynamic_orgchart.jsp
U sse_g0/english/ssco_easy_task_comments.jsp
U sse_g0/english/ssco_easy_task_historic.jsp
U sse_g0/english/ssco_easy_task_list.jsp
U sse_g0/english/ssco_engine_infpers.jsp
U sse_g0/english/ssco_engine_org_chart.jsp
U sse_g0/english/ssco_engine_org_chart_dyn.jsp
U sse_g0/english/ssco_engine_who.jsp
U sse_g0/english/ssco_g0_contact.jsp
U sse_g0/english/ssco_g0_inf_emp.jsp
U sse_g0/english/ssco_g0_org_chart.jsp
U sse_g0/english/ssco_g0_org_chart_dyn.jsp
U sse_g0/english/ssco_g0_who_is_who.jsp
U sse_g0/english/ssco_list_responsibles.jsp
U sse_g0/english/ssco_mn_contact.jsp
U sse_g0/english/ssco_mod_document.jsp
U sse_g0/english/ssco_view_document.jsp
U sse_g0/english/sse_g0_actualizar_g0_p1.jsp
U sse_g0/english/sse_g0_actualizar_g0_p1_insertar.jsp
U sse_g0/english/sse_g0_actualizar_links.jsp
U sse_g0/english/sse_g0_actualizar_password.jsp
U sse_g0/english/sse_g0_buscar_contactos.jsp
U sse_g0/english/sse_g0_detalle_empleado.jsp
U sse_g0/english/sse_g0_editar_links.jsp
U sse_g0/english/sse_g0_eliminar_links.jsp
U sse_g0/english/sse_g0_p1.jsp
U sse_g0/english/sse_gen_informacion_usuario.jsp
U sse_g0/english/sse_hr_period.jsp
U sse_g0/espanol/_change_password.jsp
U sse_g0/espanol/_change_password_action.jsp
U sse_g0/espanol/_change_password_form.jsp
U sse_g0/espanol/change_password.jsp
U sse_g0/espanol/change_password_action.jsp
U sse_g0/espanol/sgco_ek_job_hr.jsp
U sse_g0/espanol/sgco_job_map.jsp
U sse_g0/espanol/ssco_change_password.jsp
U sse_g0/espanol/ssco_dyn_infoperson.jsp
U sse_g0/espanol/ssco_dyn_save_type_orgchart.jsp
U sse_g0/espanol/ssco_dynamic_orgchart.jsp
U sse_g0/espanol/ssco_easy_task_comments.jsp
U sse_g0/espanol/ssco_easy_task_historic.jsp
U sse_g0/espanol/ssco_easy_task_list.jsp
U sse_g0/espanol/ssco_engine_infpers.jsp
U sse_g0/espanol/ssco_engine_org_chart.jsp
U sse_g0/espanol/ssco_engine_org_chart_dyn.jsp
U sse_g0/espanol/ssco_engine_who.jsp
U sse_g0/espanol/ssco_g0_contact.jsp
U sse_g0/espanol/ssco_g0_inf_emp.jsp
U sse_g0/espanol/ssco_g0_org_chart.jsp
U sse_g0/espanol/ssco_g0_org_chart_dyn.jsp
U sse_g0/espanol/ssco_g0_who_is_who.jsp
U sse_g0/espanol/ssco_list_responsibles.jsp
U sse_g0/espanol/ssco_mn_contact.jsp
U sse_g0/espanol/ssco_mod_document.jsp
U sse_g0/espanol/ssco_view_document.jsp
U sse_g0/espanol/sse_g0_actualizar_g0_p1.jsp
U sse_g0/espanol/sse_g0_actualizar_g0_p1_insertar.jsp
U sse_g0/espanol/sse_g0_actualizar_links.jsp
U sse_g0/espanol/sse_g0_actualizar_password.jsp
U sse_g0/espanol/sse_g0_buscar_contactos.jsp
U sse_g0/espanol/sse_g0_detalle_empleado.jsp
U sse_g0/espanol/sse_g0_editar_links.jsp
U sse_g0/espanol/sse_g0_eliminar_links.jsp
U sse_g0/espanol/sse_g0_p1.jsp
U sse_g0/espanol/sse_gen_informacion_usuario.jsp
U sse_g0/espanol/sse_hr_period.jsp
U sse_g0/francais/_change_password.jsp
U sse_g0/francais/_change_password_action.jsp
U sse_g0/francais/_change_password_form.jsp
U sse_g0/francais/change_password.jsp
U sse_g0/francais/change_password_action.jsp
U sse_g0/francais/sgco_ek_job_hr.jsp
U sse_g0/francais/sgco_job_map.jsp
U sse_g0/francais/ssco_change_password.jsp
U sse_g0/francais/ssco_dyn_infoperson.jsp
U sse_g0/francais/ssco_dyn_save_type_orgchart.jsp
U sse_g0/francais/ssco_dynamic_orgchart.jsp
U sse_g0/francais/ssco_easy_task_comments.jsp
U sse_g0/francais/ssco_easy_task_historic.jsp
U sse_g0/francais/ssco_easy_task_list.jsp
U sse_g0/francais/ssco_engine_infpers.jsp
U sse_g0/francais/ssco_engine_org_chart.jsp
U sse_g0/francais/ssco_engine_org_chart_dyn.jsp
U sse_g0/francais/ssco_engine_who.jsp
U sse_g0/francais/ssco_g0_contact.jsp
U sse_g0/francais/ssco_g0_inf_emp.jsp
U sse_g0/francais/ssco_g0_org_chart.jsp
U sse_g0/francais/ssco_g0_org_chart_dyn.jsp
U sse_g0/francais/ssco_g0_who_is_who.jsp
U sse_g0/francais/ssco_list_responsibles.jsp
U sse_g0/francais/ssco_mn_contact.jsp
U sse_g0/francais/ssco_mod_document.jsp
U sse_g0/francais/ssco_view_document.jsp
U sse_g0/francais/sse_g0_actualizar_g0_p1.jsp
U sse_g0/francais/sse_g0_actualizar_g0_p1_insertar.jsp
U sse_g0/francais/sse_g0_actualizar_links.jsp
U sse_g0/francais/sse_g0_actualizar_password.jsp
U sse_g0/francais/sse_g0_buscar_contactos.jsp
U sse_g0/francais/sse_g0_detalle_empleado.jsp
U sse_g0/francais/sse_g0_editar_links.jsp
U sse_g0/francais/sse_g0_eliminar_links.jsp
U sse_g0/francais/sse_g0_p1.jsp
U sse_g0/francais/sse_gen_informacion_usuario.jsp
U sse_g0/francais/sse_hr_period.jsp
U sse_g0/portugues/_change_password.jsp
U sse_g0/portugues/_change_password_action.jsp
U sse_g0/portugues/_change_password_form.jsp
U sse_g0/portugues/change_password.jsp
U sse_g0/portugues/change_password_action.jsp
U sse_g0/portugues/sgco_ek_job_hr.jsp
U sse_g0/portugues/sgco_job_map.jsp
U sse_g0/portugues/ssco_change_password.jsp
U sse_g0/portugues/ssco_dyn_infoperson.jsp
U sse_g0/portugues/ssco_dyn_save_type_orgchart.jsp
U sse_g0/portugues/ssco_dynamic_orgchart.jsp
U sse_g0/portugues/ssco_easy_task_comments.jsp
U sse_g0/portugues/ssco_easy_task_historic.jsp
U sse_g0/portugues/ssco_easy_task_list.jsp
U sse_g0/portugues/ssco_engine_infpers.jsp
U sse_g0/portugues/ssco_engine_org_chart.jsp
U sse_g0/portugues/ssco_engine_org_chart_dyn.jsp
U sse_g0/portugues/ssco_engine_who.jsp
U sse_g0/portugues/ssco_g0_contact.jsp
U sse_g0/portugues/ssco_g0_inf_emp.jsp
U sse_g0/portugues/ssco_g0_org_chart.jsp
U sse_g0/portugues/ssco_g0_org_chart_dyn.jsp
U sse_g0/portugues/ssco_g0_who_is_who.jsp
U sse_g0/portugues/ssco_list_responsibles.jsp
U sse_g0/portugues/ssco_mn_contact.jsp
U sse_g0/portugues/ssco_mod_document.jsp
U sse_g0/portugues/ssco_view_document.jsp
U sse_g0/portugues/sse_g0_actualizar_g0_p1.jsp
U sse_g0/portugues/sse_g0_actualizar_g0_p1_insertar.jsp
U sse_g0/portugues/sse_g0_actualizar_links.jsp
U sse_g0/portugues/sse_g0_actualizar_password.jsp
U sse_g0/portugues/sse_g0_buscar_contactos.jsp
U sse_g0/portugues/sse_g0_detalle_empleado.jsp
U sse_g0/portugues/sse_g0_editar_links.jsp
U sse_g0/portugues/sse_g0_eliminar_links.jsp
U sse_g0/portugues/sse_g0_p1.jsp
U sse_g0/portugues/sse_gen_informacion_usuario.jsp
U sse_g0/portugues/sse_hr_period.jsp
U sse_g1/ssco_g1_p1_mod5.jsp
U sse_g1/ssco_g1_p1_mod6.jsp
U sse_g1/ssco_g1_p1_mod7.jsp
U sse_g1/ssco_g1_p3_mod4.jsp
U sse_g1/ssco_g1_p3_mod5.jsp
U sse_g1/ssco_g1_p3_mod6.jsp
U sse_g1/ssco_g1_p3_mod7.jsp
U sse_g1/ssco_g1_p6.jsp
U sse_g1/ssco_g1_p6_mod.jsp
U sse_g1/ssco_g1_p6_mod2.jsp
U sse_g1/sse_g1_p5_mod.jsp
U sse_g1/sse_g1_trans.jsp
U sse_g1/sssp_g1_p6_mod145.jsp
U sse_g1/english/ssco_g1_p1_mod5.jsp
U sse_g1/english/ssco_g1_p1_mod6.jsp
U sse_g1/english/ssco_g1_p1_mod7.jsp
U sse_g1/english/ssco_g1_p3_comment.jsp
U sse_g1/english/ssco_g1_p3_duties.jsp
U sse_g1/english/ssco_g1_p3_mod4.jsp
U sse_g1/english/ssco_g1_p3_mod5.jsp
U sse_g1/english/ssco_g1_p3_mod6.jsp
U sse_g1/english/ssco_g1_p3_mod7.jsp
U sse_g1/english/ssco_g1_p6.jsp
U sse_g1/english/ssco_g1_p6_mod.jsp
U sse_g1/english/ssco_g1_p6_mod2.jsp
U sse_g1/english/ssco_g1_p6_mod_send.jsp
U sse_g1/english/sse_g1_menu.jsp
U sse_g1/english/sse_g1_p1.jsp
U sse_g1/english/sse_g1_p1_mod.jsp
U sse_g1/english/sse_g1_p1_mod2.jsp
U sse_g1/english/sse_g1_p1_mod3.jsp
U sse_g1/english/sse_g1_p1_mod4.jsp
U sse_g1/english/sse_g1_p1_mod5.jsp
U sse_g1/english/sse_g1_p1_mod6.jsp
U sse_g1/english/sse_g1_p2.jsp
U sse_g1/english/sse_g1_p3.jsp
U sse_g1/english/sse_g1_p3_mod.jsp
U sse_g1/english/sse_g1_p3_mod2.jsp
U sse_g1/english/sse_g1_p3_mod3.jsp
U sse_g1/english/sse_g1_p4.jsp
U sse_g1/english/sse_g1_p4_mod.jsp
U sse_g1/english/sse_g1_p5.jsp
U sse_g1/english/sse_g1_p5_mod.jsp
U sse_g1/english/sssp_g1_p6_actualizar.jsp
U sse_g1/english/sssp_g1_p6_hist.jsp
U sse_g1/english/sssp_g1_p6_mod145.jsp
U sse_g1/english/sssp_g1_p6_sit.jsp
U sse_g1/english/sssp_g1_p6_sit_mod.jsp
U sse_g1/espanol/ssco_g1_p1_mod5.jsp
U sse_g1/espanol/ssco_g1_p1_mod6.jsp
U sse_g1/espanol/ssco_g1_p1_mod7.jsp
U sse_g1/espanol/ssco_g1_p3_comment.jsp
U sse_g1/espanol/ssco_g1_p3_duties.jsp
U sse_g1/espanol/ssco_g1_p3_mod4.jsp
U sse_g1/espanol/ssco_g1_p3_mod5.jsp
U sse_g1/espanol/ssco_g1_p3_mod6.jsp
U sse_g1/espanol/ssco_g1_p3_mod7.jsp
U sse_g1/espanol/ssco_g1_p6.jsp
U sse_g1/espanol/ssco_g1_p6_mod.jsp
U sse_g1/espanol/ssco_g1_p6_mod2.jsp
U sse_g1/espanol/ssco_g1_p6_mod_send.jsp
U sse_g1/espanol/sse_g1_menu.jsp
U sse_g1/espanol/sse_g1_p1.jsp
U sse_g1/espanol/sse_g1_p1_mod.jsp
U sse_g1/espanol/sse_g1_p1_mod2.jsp
U sse_g1/espanol/sse_g1_p1_mod3.jsp
U sse_g1/espanol/sse_g1_p1_mod4.jsp
U sse_g1/espanol/sse_g1_p1_mod5.jsp
U sse_g1/espanol/sse_g1_p1_mod6.jsp
U sse_g1/espanol/sse_g1_p2.jsp
U sse_g1/espanol/sse_g1_p3.jsp
U sse_g1/espanol/sse_g1_p3_mod.jsp
U sse_g1/espanol/sse_g1_p3_mod2.jsp
U sse_g1/espanol/sse_g1_p3_mod3.jsp
U sse_g1/espanol/sse_g1_p4.jsp
U sse_g1/espanol/sse_g1_p4_mod.jsp
U sse_g1/espanol/sse_g1_p5.jsp
U sse_g1/espanol/sse_g1_p5_mod.jsp
U sse_g1/espanol/sssp_g1_p6_actualizar.jsp
U sse_g1/espanol/sssp_g1_p6_hist.jsp
U sse_g1/espanol/sssp_g1_p6_mod145.jsp
U sse_g1/espanol/sssp_g1_p6_sit.jsp
U sse_g1/espanol/sssp_g1_p6_sit_mod.jsp
U sse_g1/francais/ssco_g1_p1_mod5.jsp
U sse_g1/francais/ssco_g1_p1_mod6.jsp
U sse_g1/francais/ssco_g1_p1_mod7.jsp
U sse_g1/francais/ssco_g1_p3_comment.jsp
U sse_g1/francais/ssco_g1_p3_duties.jsp
U sse_g1/francais/ssco_g1_p3_mod4.jsp
U sse_g1/francais/ssco_g1_p3_mod5.jsp
U sse_g1/francais/ssco_g1_p3_mod6.jsp
U sse_g1/francais/ssco_g1_p3_mod7.jsp
U sse_g1/francais/ssco_g1_p6.jsp
U sse_g1/francais/ssco_g1_p6_mod.jsp
U sse_g1/francais/ssco_g1_p6_mod2.jsp
U sse_g1/francais/ssco_g1_p6_mod_send.jsp
U sse_g1/francais/sse_g1_menu.jsp
U sse_g1/francais/sse_g1_p1.jsp
U sse_g1/francais/sse_g1_p1_mod.jsp
U sse_g1/francais/sse_g1_p1_mod2.jsp
U sse_g1/francais/sse_g1_p1_mod3.jsp
U sse_g1/francais/sse_g1_p1_mod4.jsp
U sse_g1/francais/sse_g1_p1_mod5.jsp
U sse_g1/francais/sse_g1_p1_mod6.jsp
U sse_g1/francais/sse_g1_p2.jsp
U sse_g1/francais/sse_g1_p3.jsp
U sse_g1/francais/sse_g1_p3_mod.jsp
U sse_g1/francais/sse_g1_p3_mod2.jsp
U sse_g1/francais/sse_g1_p3_mod3.jsp
U sse_g1/francais/sse_g1_p4.jsp
U sse_g1/francais/sse_g1_p4_mod.jsp
U sse_g1/francais/sse_g1_p5.jsp
U sse_g1/francais/sse_g1_p5_mod.jsp
U sse_g1/francais/sssp_g1_p6_actualizar.jsp
U sse_g1/francais/sssp_g1_p6_hist.jsp
U sse_g1/francais/sssp_g1_p6_mod145.jsp
U sse_g1/francais/sssp_g1_p6_sit.jsp
U sse_g1/francais/sssp_g1_p6_sit_mod.jsp
U sse_g1/portugues/ssco_g1_p1_mod5.jsp
U sse_g1/portugues/ssco_g1_p1_mod6.jsp
U sse_g1/portugues/ssco_g1_p1_mod7.jsp
U sse_g1/portugues/ssco_g1_p3_comment.jsp
U sse_g1/portugues/ssco_g1_p3_duties.jsp
U sse_g1/portugues/ssco_g1_p3_mod4.jsp
U sse_g1/portugues/ssco_g1_p3_mod5.jsp
U sse_g1/portugues/ssco_g1_p3_mod6.jsp
U sse_g1/portugues/ssco_g1_p3_mod7.jsp
U sse_g1/portugues/ssco_g1_p6.jsp
U sse_g1/portugues/ssco_g1_p6_mod.jsp
U sse_g1/portugues/ssco_g1_p6_mod2.jsp
U sse_g1/portugues/ssco_g1_p6_mod_send.jsp
U sse_g1/portugues/sse_g1_menu.jsp
U sse_g1/portugues/sse_g1_p1.jsp
U sse_g1/portugues/sse_g1_p1_mod.jsp
U sse_g1/portugues/sse_g1_p1_mod2.jsp
U sse_g1/portugues/sse_g1_p1_mod3.jsp
U sse_g1/portugues/sse_g1_p1_mod4.jsp
U sse_g1/portugues/sse_g1_p1_mod5.jsp
U sse_g1/portugues/sse_g1_p1_mod6.jsp
U sse_g1/portugues/sse_g1_p2.jsp
U sse_g1/portugues/sse_g1_p3.jsp
U sse_g1/portugues/sse_g1_p3_mod.jsp
U sse_g1/portugues/sse_g1_p3_mod2.jsp
U sse_g1/portugues/sse_g1_p3_mod3.jsp
U sse_g1/portugues/sse_g1_p4.jsp
U sse_g1/portugues/sse_g1_p4_mod.jsp
U sse_g1/portugues/sse_g1_p5.jsp
U sse_g1/portugues/sse_g1_p5_mod.jsp
U sse_g1/portugues/sssp_g1_p6_actualizar.jsp
U sse_g1/portugues/sssp_g1_p6_hist.jsp
U sse_g1/portugues/sssp_g1_p6_mod145.jsp
U sse_g1/portugues/sssp_g1_p6_sit.jsp
U sse_g1/portugues/sssp_g1_p6_sit_mod.jsp
U sse_g2/ssco_g2_p12.jsp
U sse_g2/ssco_g2_trans.jsp
U sse_g2/sse_bft_trans.jsp
U sse_g2/sse_payment_data_trans.jsp
U sse_g2/english/ssco_g2_p12.jsp
U sse_g2/english/sse_g2_cert_hab.jsp
U sse_g2/english/sse_g2_menu.jsp
U sse_g2/english/sse_g2_p1.jsp
U sse_g2/english/sse_g2_p10.jsp
U sse_g2/english/sse_g2_p11.jsp
U sse_g2/english/sse_g2_p1_mod.jsp
U sse_g2/english/sse_g2_p1_mod_iban.jsp
U sse_g2/english/sse_g2_p2.jsp
U sse_g2/english/sse_g2_p2_add.jsp
U sse_g2/english/sse_g2_p2_add_iban.jsp
U sse_g2/english/sse_g2_p2_mod.jsp
U sse_g2/english/sse_g2_p2_mod_iban.jsp
U sse_g2/english/sse_g2_p3_pc.jsp
U sse_g2/english/sse_g2_p4.jsp
U sse_g2/english/sse_g2_p5.jsp
U sse_g2/english/sse_g2_p5_desc.jsp
U sse_g2/english/sse_g2_p5_det.jsp
U sse_g2/english/sse_g2_p5_p.jsp
U sse_g2/english/sse_g2_p5_sim.jsp
U sse_g2/english/sse_g2_p6.jsp
U sse_g2/english/sse_g2_p6_det.jsp
U sse_g2/english/sse_g2_p6_prf.jsp
U sse_g2/english/sse_g2_p7.jsp
U sse_g2/english/sse_g2_p7_act.jsp
U sse_g2/english/sse_g2_p7_det.jsp
U sse_g2/english/sse_g2_p7_det2.jsp
U sse_g2/english/sse_g2_p7_det_act.jsp
U sse_g2/english/sse_g2_p7_sim.jsp
U sse_g2/english/sse_g2_p8.jsp
U sse_g2/english/sse_g2_p8_act.jsp
U sse_g2/english/sse_g2_p8_act2.jsp
U sse_g2/english/sse_g2_p8_act3.jsp
U sse_g2/english/sse_g2_p9.jsp
U sse_g2/english/sse_g2_rec.jsp
U sse_g2/english/sse_g2_rec_imp.jsp
U sse_g2/english/sse_g2_table_rec.jsp
U sse_g2/espanol/ssco_g2_p12.jsp
U sse_g2/espanol/sse_g2_cert_hab.jsp
U sse_g2/espanol/sse_g2_menu.jsp
U sse_g2/espanol/sse_g2_p1.jsp
U sse_g2/espanol/sse_g2_p10.jsp
U sse_g2/espanol/sse_g2_p11.jsp
U sse_g2/espanol/sse_g2_p1_mod.jsp
U sse_g2/espanol/sse_g2_p1_mod_iban.jsp
U sse_g2/espanol/sse_g2_p2.jsp
U sse_g2/espanol/sse_g2_p2_add.jsp
U sse_g2/espanol/sse_g2_p2_add_iban.jsp
U sse_g2/espanol/sse_g2_p2_mod.jsp
U sse_g2/espanol/sse_g2_p2_mod_iban.jsp
U sse_g2/espanol/sse_g2_p3_pc.jsp
U sse_g2/espanol/sse_g2_p4.jsp
U sse_g2/espanol/sse_g2_p5.jsp
U sse_g2/espanol/sse_g2_p5_desc.jsp
U sse_g2/espanol/sse_g2_p5_det.jsp
U sse_g2/espanol/sse_g2_p5_p.jsp
U sse_g2/espanol/sse_g2_p5_sim.jsp
U sse_g2/espanol/sse_g2_p6.jsp
U sse_g2/espanol/sse_g2_p6_det.jsp
U sse_g2/espanol/sse_g2_p6_prf.jsp
U sse_g2/espanol/sse_g2_p7.jsp
U sse_g2/espanol/sse_g2_p7_act.jsp
U sse_g2/espanol/sse_g2_p7_det.jsp
U sse_g2/espanol/sse_g2_p7_det2.jsp
U sse_g2/espanol/sse_g2_p7_det_act.jsp
U sse_g2/espanol/sse_g2_p7_sim.jsp
U sse_g2/espanol/sse_g2_p8.jsp
U sse_g2/espanol/sse_g2_p8_act.jsp
U sse_g2/espanol/sse_g2_p8_act2.jsp
U sse_g2/espanol/sse_g2_p8_act3.jsp
U sse_g2/espanol/sse_g2_p9.jsp
U sse_g2/espanol/sse_g2_rec.jsp
U sse_g2/espanol/sse_g2_rec_imp.jsp
U sse_g2/espanol/sse_g2_table_rec.jsp
U sse_g2/francais/ssco_g2_p12.jsp
U sse_g2/francais/sse_g2_cert_hab.jsp
U sse_g2/francais/sse_g2_menu.jsp
U sse_g2/francais/sse_g2_p1.jsp
U sse_g2/francais/sse_g2_p10.jsp
U sse_g2/francais/sse_g2_p11.jsp
U sse_g2/francais/sse_g2_p1_mod.jsp
U sse_g2/francais/sse_g2_p1_mod_iban.jsp
U sse_g2/francais/sse_g2_p2.jsp
U sse_g2/francais/sse_g2_p2_add.jsp
U sse_g2/francais/sse_g2_p2_add_iban.jsp
U sse_g2/francais/sse_g2_p2_mod.jsp
U sse_g2/francais/sse_g2_p2_mod_iban.jsp
U sse_g2/francais/sse_g2_p3_pc.jsp
U sse_g2/francais/sse_g2_p4.jsp
U sse_g2/francais/sse_g2_p5.jsp
U sse_g2/francais/sse_g2_p5_desc.jsp
U sse_g2/francais/sse_g2_p5_det.jsp
U sse_g2/francais/sse_g2_p5_p.jsp
U sse_g2/francais/sse_g2_p5_sim.jsp
U sse_g2/francais/sse_g2_p6.jsp
U sse_g2/francais/sse_g2_p6_det.jsp
U sse_g2/francais/sse_g2_p6_prf.jsp
U sse_g2/francais/sse_g2_p7.jsp
U sse_g2/francais/sse_g2_p7_act.jsp
U sse_g2/francais/sse_g2_p7_det.jsp
U sse_g2/francais/sse_g2_p7_det2.jsp
U sse_g2/francais/sse_g2_p7_det_act.jsp
U sse_g2/francais/sse_g2_p7_sim.jsp
U sse_g2/francais/sse_g2_p8.jsp
U sse_g2/francais/sse_g2_p8_act.jsp
U sse_g2/francais/sse_g2_p8_act2.jsp
U sse_g2/francais/sse_g2_p8_act3.jsp
U sse_g2/francais/sse_g2_p9.jsp
U sse_g2/francais/sse_g2_rec.jsp
U sse_g2/francais/sse_g2_rec_imp.jsp
U sse_g2/francais/sse_g2_table_rec.jsp
U sse_g2/portugues/ssco_g2_p12.jsp
U sse_g2/portugues/sse_g2_cert_hab.jsp
U sse_g2/portugues/sse_g2_menu.jsp
U sse_g2/portugues/sse_g2_p1.jsp
U sse_g2/portugues/sse_g2_p10.jsp
U sse_g2/portugues/sse_g2_p11.jsp
U sse_g2/portugues/sse_g2_p1_mod.jsp
U sse_g2/portugues/sse_g2_p1_mod_iban.jsp
U sse_g2/portugues/sse_g2_p2.jsp
U sse_g2/portugues/sse_g2_p2_add.jsp
U sse_g2/portugues/sse_g2_p2_add_iban.jsp
U sse_g2/portugues/sse_g2_p2_mod.jsp
U sse_g2/portugues/sse_g2_p2_mod_iban.jsp
U sse_g2/portugues/sse_g2_p3_pc.jsp
U sse_g2/portugues/sse_g2_p4.jsp
U sse_g2/portugues/sse_g2_p5.jsp
U sse_g2/portugues/sse_g2_p5_desc.jsp
U sse_g2/portugues/sse_g2_p5_det.jsp
U sse_g2/portugues/sse_g2_p5_p.jsp
U sse_g2/portugues/sse_g2_p5_sim.jsp
U sse_g2/portugues/sse_g2_p6.jsp
U sse_g2/portugues/sse_g2_p6_det.jsp
U sse_g2/portugues/sse_g2_p6_prf.jsp
U sse_g2/portugues/sse_g2_p7.jsp
U sse_g2/portugues/sse_g2_p7_act.jsp
U sse_g2/portugues/sse_g2_p7_det.jsp
U sse_g2/portugues/sse_g2_p7_det2.jsp
U sse_g2/portugues/sse_g2_p7_det_act.jsp
U sse_g2/portugues/sse_g2_p7_sim.jsp
U sse_g2/portugues/sse_g2_p8.jsp
U sse_g2/portugues/sse_g2_p8_act.jsp
U sse_g2/portugues/sse_g2_p8_act2.jsp
U sse_g2/portugues/sse_g2_p8_act3.jsp
U sse_g2/portugues/sse_g2_p9.jsp
U sse_g2/portugues/sse_g2_rec.jsp
U sse_g2/portugues/sse_g2_rec_imp.jsp
U sse_g2/portugues/sse_g2_table_rec.jsp
U sse_g3/ssco_evaluate_body.jsp
U sse_g3/ssco_evaluate_mod_body.jsp
U sse_g3/ssco_evaluator_body.jsp
U sse_g3/ssco_evaluator_body_c.jsp
U sse_g3/ssco_evaluator_body_c_seg.jsp
U sse_g3/ssco_evaluator_body_o.jsp
U sse_g3/ssco_evaluator_body_o_cual.jsp
U sse_g3/ssco_evaluator_body_o_cual_seg.jsp
U sse_g3/ssco_evaluator_body_o_seg.jsp
U sse_g3/ssco_evaluator_filter_body.jsp
U sse_g3/ssco_evaluator_seg_body.jsp
U sse_g3/ssco_evaluator_seg_filter_body.jsp
U sse_g3/ssco_g3_p23_body.jsp
U sse_g3/ssco_g3_p23_mod1_body.jsp
U sse_g3/ssco_g3_pdev_body.jsp
U sse_g3/ssco_g3_pdev_det_body.jsp
U sse_g3/ssco_g3_trans.jsp
U sse_g3/ssco_iv_trans.jsp
U sse_g3/sse_ev_trans.jsp
U sse_g3/sse_g3_menu.jsp
U sse_g3/sse_g3_p22_body.jsp
U sse_g3/sse_g3_p5_open_body.jsp
U sse_g3/sse_g3_p5_open_vis_body.jsp
U sse_g3/sse_g3_p5_open_vis_know_body.jsp
U sse_g3/sse_g3_p5_open_vis_obj2_body.jsp
U sse_g3/sse_g3_p5_open_vis_obj_body.jsp
U sse_g3/sse_g3_trans.jsp
U sse_g3/sse_train_trans.jsp
U sse_g3/english/ssco_evaluate.jsp
U sse_g3/english/ssco_evaluate_act.jsp
U sse_g3/english/ssco_evaluate_mod.jsp
U sse_g3/english/ssco_evaluator.jsp
U sse_g3/english/ssco_evaluator_act.jsp
U sse_g3/english/ssco_evaluator_filter.jsp
U sse_g3/english/ssco_evaluator_questions.jsp
U sse_g3/english/ssco_evaluator_questions_act.jsp
U sse_g3/english/ssco_evaluator_questions_seg.jsp
U sse_g3/english/ssco_evaluator_questions_seg_act.jsp
U sse_g3/english/ssco_evaluator_seg.jsp
U sse_g3/english/ssco_evaluator_seg_act.jsp
U sse_g3/english/ssco_evaluator_seg_filter.jsp
U sse_g3/english/ssco_g1_p6_mod.jsp
U sse_g3/english/ssco_g3_p11.jsp
U sse_g3/english/ssco_g3_p11_det.jsp
U sse_g3/english/ssco_g3_p11_pet.jsp
U sse_g3/english/ssco_g3_p23.jsp
U sse_g3/english/ssco_g3_p23_mod1.jsp
U sse_g3/english/ssco_g3_pdev.jsp
U sse_g3/english/ssco_g3_pdev_det.jsp
U sse_g3/english/ssco_viewcomment.jsp
U sse_g3/english/sse_g3_eval_ex.jsp
U sse_g3/english/sse_g3_menu.jsp
U sse_g3/english/sse_g3_p0.jsp
U sse_g3/english/sse_g3_p0_desc.jsp
U sse_g3/english/sse_g3_p1.jsp
U sse_g3/english/sse_g3_p17.jsp
U sse_g3/english/sse_g3_p17_act.jsp
U sse_g3/english/sse_g3_p17_mod.jsp
U sse_g3/english/sse_g3_p18.jsp
U sse_g3/english/sse_g3_p18_act.jsp
U sse_g3/english/sse_g3_p19.jsp
U sse_g3/english/sse_g3_p19_act.jsp
U sse_g3/english/sse_g3_p19_mod.jsp
U sse_g3/english/sse_g3_p19_mod1.jsp
U sse_g3/english/sse_g3_p19_mod2.jsp
U sse_g3/english/sse_g3_p19_questions_seg.jsp
U sse_g3/english/sse_g3_p19_questions_seg_act.jsp
U sse_g3/english/sse_g3_p1_act.jsp
U sse_g3/english/sse_g3_p1_act1.jsp
U sse_g3/english/sse_g3_p1_mod.jsp
U sse_g3/english/sse_g3_p2.jsp
U sse_g3/english/sse_g3_p20.jsp
U sse_g3/english/sse_g3_p20_act1.jsp
U sse_g3/english/sse_g3_p20_mod.jsp
U sse_g3/english/sse_g3_p21.jsp
U sse_g3/english/sse_g3_p22.jsp
U sse_g3/english/sse_g3_p2_mod.jsp
U sse_g3/english/sse_g3_p2_vis.jsp
U sse_g3/english/sse_g3_p3.jsp
U sse_g3/english/sse_g3_p3_desc.jsp
U sse_g3/english/sse_g3_p3_desc2.jsp
U sse_g3/english/sse_g3_p3_desc3.jsp
U sse_g3/english/sse_g3_p3_desc4.jsp
U sse_g3/english/sse_g3_p3_desc_info.jsp
U sse_g3/english/sse_g3_p3_info.jsp
U sse_g3/english/sse_g3_p3_mod1.jsp
U sse_g3/english/sse_g3_p3_mod2.jsp
U sse_g3/english/sse_g3_p3_mod3.jsp
U sse_g3/english/sse_g3_p4.jsp
U sse_g3/english/sse_g3_p4_1.jsp
U sse_g3/english/sse_g3_p4_1_mod.jsp
U sse_g3/english/sse_g3_p4_1_mod2.jsp
U sse_g3/english/sse_g3_p4_1_vis.jsp
U sse_g3/english/sse_g3_p4_act.jsp
U sse_g3/english/sse_g3_p4_mod.jsp
U sse_g3/english/sse_g3_p4_mod1.jsp
U sse_g3/english/sse_g3_p4_mod2.jsp
U sse_g3/english/sse_g3_p4_mod3.jsp
U sse_g3/english/sse_g3_p4_mod4.jsp
U sse_g3/english/sse_g3_p4_mod6.jsp
U sse_g3/english/sse_g3_p4_questions.jsp
U sse_g3/english/sse_g3_p4_questions_act.jsp
U sse_g3/english/sse_g3_p5.jsp
U sse_g3/english/sse_g3_p5_mod.jsp
U sse_g3/english/sse_g3_p5_mod2.jsp
U sse_g3/english/sse_g3_p5_mod3.jsp
U sse_g3/english/sse_g3_p5_open.jsp
U sse_g3/english/sse_g3_p5_open_vis.jsp
U sse_g3/english/sse_g3_p5_open_vis_know.jsp
U sse_g3/english/sse_g3_p5_open_vis_obj.jsp
U sse_g3/english/sse_g3_p5_open_vis_obj2.jsp
U sse_g3/english/sse_g3_p6.jsp
U sse_g3/english/sse_g3_p7.jsp
U sse_g3/english/sse_g3_p8.jsp
U sse_g3/english/sse_g3_p8_act.jsp
U sse_g3/english/sse_g3_p8_desc.jsp
U sse_g3/english/sse_g3_p9.jsp
U sse_g3/english/sse_g3_p9_desc.jsp
U sse_g3/espanol/ssco_evaluate.jsp
U sse_g3/espanol/ssco_evaluate_act.jsp
U sse_g3/espanol/ssco_evaluate_mod.jsp
U sse_g3/espanol/ssco_evaluator.jsp
U sse_g3/espanol/ssco_evaluator_act.jsp
U sse_g3/espanol/ssco_evaluator_filter.jsp
U sse_g3/espanol/ssco_evaluator_questions.jsp
U sse_g3/espanol/ssco_evaluator_questions_act.jsp
U sse_g3/espanol/ssco_evaluator_questions_seg.jsp
U sse_g3/espanol/ssco_evaluator_questions_seg_act.jsp
U sse_g3/espanol/ssco_evaluator_seg.jsp
U sse_g3/espanol/ssco_evaluator_seg_act.jsp
U sse_g3/espanol/ssco_evaluator_seg_filter.jsp
U sse_g3/espanol/ssco_g3_p11.jsp
U sse_g3/espanol/ssco_g3_p11_det.jsp
U sse_g3/espanol/ssco_g3_p11_pet.jsp
U sse_g3/espanol/ssco_g3_p23.jsp
U sse_g3/espanol/ssco_g3_p23_mod1.jsp
U sse_g3/espanol/ssco_g3_pdev.jsp
U sse_g3/espanol/ssco_g3_pdev_det.jsp
U sse_g3/espanol/ssco_viewcomment.jsp
U sse_g3/espanol/sse_g3_eval_ex.jsp
U sse_g3/espanol/sse_g3_menu.jsp
U sse_g3/espanol/sse_g3_p0.jsp
U sse_g3/espanol/sse_g3_p0_desc.jsp
U sse_g3/espanol/sse_g3_p17.jsp
U sse_g3/espanol/sse_g3_p17_act.jsp
U sse_g3/espanol/sse_g3_p17_mod.jsp
U sse_g3/espanol/sse_g3_p18.jsp
U sse_g3/espanol/sse_g3_p18_act.jsp
U sse_g3/espanol/sse_g3_p2.jsp
U sse_g3/espanol/sse_g3_p21.jsp
U sse_g3/espanol/sse_g3_p22.jsp
U sse_g3/espanol/sse_g3_p2_mod.jsp
U sse_g3/espanol/sse_g3_p2_vis.jsp
U sse_g3/espanol/sse_g3_p3.jsp
U sse_g3/espanol/sse_g3_p3_desc.jsp
U sse_g3/espanol/sse_g3_p3_desc2.jsp
U sse_g3/espanol/sse_g3_p3_desc3.jsp
U sse_g3/espanol/sse_g3_p3_desc4.jsp
U sse_g3/espanol/sse_g3_p3_desc_info.jsp
U sse_g3/espanol/sse_g3_p3_info.jsp
U sse_g3/espanol/sse_g3_p3_mod1.jsp
U sse_g3/espanol/sse_g3_p3_mod2.jsp
U sse_g3/espanol/sse_g3_p3_mod3.jsp
U sse_g3/espanol/sse_g3_p4_1.jsp
U sse_g3/espanol/sse_g3_p4_1_mod.jsp
U sse_g3/espanol/sse_g3_p4_1_mod2.jsp
U sse_g3/espanol/sse_g3_p4_1_vis.jsp
U sse_g3/espanol/sse_g3_p5.jsp
U sse_g3/espanol/sse_g3_p5_mod.jsp
U sse_g3/espanol/sse_g3_p5_mod2.jsp
U sse_g3/espanol/sse_g3_p5_mod3.jsp
U sse_g3/espanol/sse_g3_p5_open.jsp
U sse_g3/espanol/sse_g3_p5_open_vis.jsp
U sse_g3/espanol/sse_g3_p5_open_vis_know.jsp
U sse_g3/espanol/sse_g3_p5_open_vis_obj.jsp
U sse_g3/espanol/sse_g3_p5_open_vis_obj2.jsp
U sse_g3/espanol/sse_g3_p6.jsp
U sse_g3/espanol/sse_g3_p7.jsp
U sse_g3/espanol/sse_g3_p8.jsp
U sse_g3/espanol/sse_g3_p8_act.jsp
U sse_g3/espanol/sse_g3_p8_desc.jsp
U sse_g3/espanol/sse_g3_p9.jsp
U sse_g3/espanol/sse_g3_p9_desc.jsp
U sse_g3/francais/ssco_evaluate.jsp
U sse_g3/francais/ssco_evaluate_act.jsp
U sse_g3/francais/ssco_evaluate_mod.jsp
U sse_g3/francais/ssco_evaluator.jsp
U sse_g3/francais/ssco_evaluator_act.jsp
U sse_g3/francais/ssco_evaluator_filter.jsp
U sse_g3/francais/ssco_evaluator_questions.jsp
U sse_g3/francais/ssco_evaluator_questions_act.jsp
U sse_g3/francais/ssco_evaluator_questions_seg.jsp
U sse_g3/francais/ssco_evaluator_questions_seg_act.jsp
U sse_g3/francais/ssco_evaluator_seg.jsp
U sse_g3/francais/ssco_evaluator_seg_act.jsp
U sse_g3/francais/ssco_evaluator_seg_filter.jsp
U sse_g3/francais/ssco_g3_p11.jsp
U sse_g3/francais/ssco_g3_p11_det.jsp
U sse_g3/francais/ssco_g3_p11_pet.jsp
U sse_g3/francais/ssco_g3_p23.jsp
U sse_g3/francais/ssco_g3_p23_mod1.jsp
U sse_g3/francais/ssco_g3_pdev.jsp
U sse_g3/francais/ssco_g3_pdev_det.jsp
U sse_g3/francais/ssco_viewcomment.jsp
U sse_g3/francais/sse_g3_eval_ex.jsp
U sse_g3/francais/sse_g3_menu.jsp
U sse_g3/francais/sse_g3_p0.jsp
U sse_g3/francais/sse_g3_p0_desc.jsp
U sse_g3/francais/sse_g3_p1.jsp
U sse_g3/francais/sse_g3_p17.jsp
U sse_g3/francais/sse_g3_p17_act.jsp
U sse_g3/francais/sse_g3_p17_mod.jsp
U sse_g3/francais/sse_g3_p18.jsp
U sse_g3/francais/sse_g3_p18_act.jsp
U sse_g3/francais/sse_g3_p19.jsp
U sse_g3/francais/sse_g3_p19_act.jsp
U sse_g3/francais/sse_g3_p19_mod.jsp
U sse_g3/francais/sse_g3_p19_mod1.jsp
U sse_g3/francais/sse_g3_p19_mod2.jsp
U sse_g3/francais/sse_g3_p19_questions_seg.jsp
U sse_g3/francais/sse_g3_p19_questions_seg_act.jsp
U sse_g3/francais/sse_g3_p1_act.jsp
U sse_g3/francais/sse_g3_p1_act1.jsp
U sse_g3/francais/sse_g3_p1_mod.jsp
U sse_g3/francais/sse_g3_p2.jsp
U sse_g3/francais/sse_g3_p20.jsp
U sse_g3/francais/sse_g3_p20_act1.jsp
U sse_g3/francais/sse_g3_p20_mod.jsp
U sse_g3/francais/sse_g3_p21.jsp
U sse_g3/francais/sse_g3_p22.jsp
U sse_g3/francais/sse_g3_p2_mod.jsp
U sse_g3/francais/sse_g3_p2_vis.jsp
U sse_g3/francais/sse_g3_p3.jsp
U sse_g3/francais/sse_g3_p3_desc.jsp
U sse_g3/francais/sse_g3_p3_desc2.jsp
U sse_g3/francais/sse_g3_p3_desc3.jsp
U sse_g3/francais/sse_g3_p3_desc4.jsp
U sse_g3/francais/sse_g3_p3_desc_info.jsp
U sse_g3/francais/sse_g3_p3_info.jsp
U sse_g3/francais/sse_g3_p3_mod1.jsp
U sse_g3/francais/sse_g3_p3_mod2.jsp
U sse_g3/francais/sse_g3_p3_mod3.jsp
U sse_g3/francais/sse_g3_p4.jsp
U sse_g3/francais/sse_g3_p4_1.jsp
U sse_g3/francais/sse_g3_p4_1_mod.jsp
U sse_g3/francais/sse_g3_p4_1_mod2.jsp
U sse_g3/francais/sse_g3_p4_1_vis.jsp
U sse_g3/francais/sse_g3_p4_act.jsp
U sse_g3/francais/sse_g3_p4_mod.jsp
U sse_g3/francais/sse_g3_p4_mod1.jsp
U sse_g3/francais/sse_g3_p4_mod2.jsp
U sse_g3/francais/sse_g3_p4_mod3.jsp
U sse_g3/francais/sse_g3_p4_mod4.jsp
U sse_g3/francais/sse_g3_p4_mod6.jsp
U sse_g3/francais/sse_g3_p4_questions.jsp
U sse_g3/francais/sse_g3_p4_questions_act.jsp
U sse_g3/francais/sse_g3_p5.jsp
U sse_g3/francais/sse_g3_p5_mod.jsp
U sse_g3/francais/sse_g3_p5_mod2.jsp
U sse_g3/francais/sse_g3_p5_mod3.jsp
U sse_g3/francais/sse_g3_p5_open.jsp
U sse_g3/francais/sse_g3_p5_open_vis.jsp
U sse_g3/francais/sse_g3_p5_open_vis_know.jsp
U sse_g3/francais/sse_g3_p5_open_vis_obj.jsp
U sse_g3/francais/sse_g3_p5_open_vis_obj2.jsp
U sse_g3/francais/sse_g3_p6.jsp
U sse_g3/francais/sse_g3_p7.jsp
U sse_g3/francais/sse_g3_p8.jsp
U sse_g3/francais/sse_g3_p8_act.jsp
U sse_g3/francais/sse_g3_p8_desc.jsp
U sse_g3/francais/sse_g3_p9.jsp
U sse_g3/francais/sse_g3_p9_desc.jsp
U sse_g3/portugues/ssco_evaluate.jsp
U sse_g3/portugues/ssco_evaluate_act.jsp
U sse_g3/portugues/ssco_evaluate_mod.jsp
U sse_g3/portugues/ssco_evaluator.jsp
U sse_g3/portugues/ssco_evaluator_act.jsp
U sse_g3/portugues/ssco_evaluator_filter.jsp
U sse_g3/portugues/ssco_evaluator_questions.jsp
U sse_g3/portugues/ssco_evaluator_questions_act.jsp
U sse_g3/portugues/ssco_evaluator_questions_seg.jsp
U sse_g3/portugues/ssco_evaluator_questions_seg_act.jsp
U sse_g3/portugues/ssco_evaluator_seg.jsp
U sse_g3/portugues/ssco_evaluator_seg_act.jsp
U sse_g3/portugues/ssco_evaluator_seg_filter.jsp
U sse_g3/portugues/ssco_g3_p11.jsp
U sse_g3/portugues/ssco_g3_p11_det.jsp
U sse_g3/portugues/ssco_g3_p11_pet.jsp
U sse_g3/portugues/ssco_g3_p23.jsp
U sse_g3/portugues/ssco_g3_p23_mod1.jsp
U sse_g3/portugues/ssco_g3_pdev.jsp
U sse_g3/portugues/ssco_g3_pdev_det.jsp
U sse_g3/portugues/ssco_viewcomment.jsp
U sse_g3/portugues/sse_g3_eval_ex.jsp
U sse_g3/portugues/sse_g3_menu.jsp
U sse_g3/portugues/sse_g3_p0.jsp
U sse_g3/portugues/sse_g3_p0_desc.jsp
U sse_g3/portugues/sse_g3_p1.jsp
U sse_g3/portugues/sse_g3_p17.jsp
U sse_g3/portugues/sse_g3_p17_act.jsp
U sse_g3/portugues/sse_g3_p17_mod.jsp
U sse_g3/portugues/sse_g3_p18.jsp
U sse_g3/portugues/sse_g3_p18_act.jsp
U sse_g3/portugues/sse_g3_p19.jsp
U sse_g3/portugues/sse_g3_p19_act.jsp
U sse_g3/portugues/sse_g3_p19_mod.jsp
U sse_g3/portugues/sse_g3_p19_mod1.jsp
U sse_g3/portugues/sse_g3_p19_mod2.jsp
U sse_g3/portugues/sse_g3_p19_questions_seg.jsp
U sse_g3/portugues/sse_g3_p19_questions_seg_act.jsp
U sse_g3/portugues/sse_g3_p1_act.jsp
U sse_g3/portugues/sse_g3_p1_act1.jsp
U sse_g3/portugues/sse_g3_p1_mod.jsp
U sse_g3/portugues/sse_g3_p2.jsp
U sse_g3/portugues/sse_g3_p20.jsp
U sse_g3/portugues/sse_g3_p20_act1.jsp
U sse_g3/portugues/sse_g3_p20_mod.jsp
U sse_g3/portugues/sse_g3_p21.jsp
U sse_g3/portugues/sse_g3_p22.jsp
U sse_g3/portugues/sse_g3_p2_mod.jsp
U sse_g3/portugues/sse_g3_p2_vis.jsp
U sse_g3/portugues/sse_g3_p3.jsp
U sse_g3/portugues/sse_g3_p3_desc.jsp
U sse_g3/portugues/sse_g3_p3_desc2.jsp
U sse_g3/portugues/sse_g3_p3_desc3.jsp
U sse_g3/portugues/sse_g3_p3_desc4.jsp
U sse_g3/portugues/sse_g3_p3_desc_info.jsp
U sse_g3/portugues/sse_g3_p3_info.jsp
U sse_g3/portugues/sse_g3_p3_mod1.jsp
U sse_g3/portugues/sse_g3_p3_mod2.jsp
U sse_g3/portugues/sse_g3_p3_mod3.jsp
U sse_g3/portugues/sse_g3_p4.jsp
U sse_g3/portugues/sse_g3_p4_1.jsp
U sse_g3/portugues/sse_g3_p4_1_mod.jsp
U sse_g3/portugues/sse_g3_p4_1_mod2.jsp
U sse_g3/portugues/sse_g3_p4_1_vis.jsp
U sse_g3/portugues/sse_g3_p4_act.jsp
U sse_g3/portugues/sse_g3_p4_mod.jsp
U sse_g3/portugues/sse_g3_p4_mod1.jsp
U sse_g3/portugues/sse_g3_p4_mod2.jsp
U sse_g3/portugues/sse_g3_p4_mod3.jsp
U sse_g3/portugues/sse_g3_p4_mod4.jsp
U sse_g3/portugues/sse_g3_p4_mod6.jsp
U sse_g3/portugues/sse_g3_p4_questions.jsp
U sse_g3/portugues/sse_g3_p4_questions_act.jsp
U sse_g3/portugues/sse_g3_p5.jsp
U sse_g3/portugues/sse_g3_p5_mod.jsp
U sse_g3/portugues/sse_g3_p5_mod2.jsp
U sse_g3/portugues/sse_g3_p5_mod3.jsp
U sse_g3/portugues/sse_g3_p5_open.jsp
U sse_g3/portugues/sse_g3_p5_open_vis.jsp
U sse_g3/portugues/sse_g3_p5_open_vis_know.jsp
U sse_g3/portugues/sse_g3_p5_open_vis_obj.jsp
U sse_g3/portugues/sse_g3_p5_open_vis_obj2.jsp
U sse_g3/portugues/sse_g3_p6.jsp
U sse_g3/portugues/sse_g3_p7.jsp
U sse_g3/portugues/sse_g3_p8.jsp
U sse_g3/portugues/sse_g3_p8_act.jsp
U sse_g3/portugues/sse_g3_p8_desc.jsp
U sse_g3/portugues/sse_g3_p9.jsp
U sse_g3/portugues/sse_g3_p9_desc.jsp
U sse_g4/sse_g4_gta_incidences_request_body.jsp
U sse_g4/english/Thumbs.db
U sse_g4/english/act_va.jsp
U sse_g4/english/sse_g4_gta_activity.jsp
U sse_g4/english/sse_g4_gta_incidences_request.jsp
U sse_g4/english/sse_g4_gta_planning.jsp
U sse_g4/english/sse_g4_gta_planning_body.jsp
U sse_g4/english/sse_g4_gta_planning_day_control.jsp
U sse_g4/english/sse_g4_gta_planning_filter.jsp
U sse_g4/english/sse_g4_gta_planning_get_cwd_informations.jsp
U sse_g4/english/sse_g4_gta_planning_get_informations.jsp
U sse_g4/english/sse_g4_gta_planning_get_tooltip_employee_informations.jsp
U sse_g4/english/sse_g4_gta_planning_get_tooltip_informations.jsp
U sse_g4/english/sse_g4_gta_planning_main_wrapper.jsp
U sse_g4/english/sse_g4_gta_planning_menus.jsp
U sse_g4/english/sse_g4_gta_planning_modify_day.jsp
U sse_g4/english/sse_g4_gta_planning_pagination.jsp
U sse_g4/english/sse_g4_gta_planning_pagination_empty.jsp
U sse_g4/english/sse_g4_gta_planning_population.jsp
U sse_g4/english/sse_g4_gta_planning_refresh_alerts.jsp
U sse_g4/english/sse_g4_gta_planning_refresh_counters.jsp
U sse_g4/english/sse_g4_gta_planning_timeslots.jsp
U sse_g4/english/sse_g4_gta_planning_total_calcul.jsp
U sse_g4/english/sse_g4_gta_planning_validation.jsp
U sse_g4/english/sse_g4_gta_virtual_clock.jsp
U sse_g4/english/sse_g4_gta_virtual_clock_redirect.jsp
U sse_g4/english/sse_g4_menu.jsp
U sse_g4/english/sse_g4_p1.jsp
U sse_g4/english/sse_g4_p2.jsp
U sse_g4/english/sse_g4_p2_2.jsp
U sse_g4/english/sse_g4_p3.jsp
U sse_g4/espanol/act_va.jsp
U sse_g4/espanol/sse_g4_gta_activity.jsp
U sse_g4/espanol/sse_g4_gta_incidences_request.jsp
U sse_g4/espanol/sse_g4_gta_planning.jsp
U sse_g4/espanol/sse_g4_gta_planning_body.jsp
U sse_g4/espanol/sse_g4_gta_planning_day_control.jsp
U sse_g4/espanol/sse_g4_gta_planning_filter.jsp
U sse_g4/espanol/sse_g4_gta_planning_get_cwd_informations.jsp
U sse_g4/espanol/sse_g4_gta_planning_get_informations.jsp
U sse_g4/espanol/sse_g4_gta_planning_get_tooltip_employee_informations.jsp
U sse_g4/espanol/sse_g4_gta_planning_get_tooltip_informations.jsp
U sse_g4/espanol/sse_g4_gta_planning_main_wrapper.jsp
U sse_g4/espanol/sse_g4_gta_planning_menus.jsp
U sse_g4/espanol/sse_g4_gta_planning_modify_day.jsp
U sse_g4/espanol/sse_g4_gta_planning_pagination.jsp
U sse_g4/espanol/sse_g4_gta_planning_pagination_empty.jsp
U sse_g4/espanol/sse_g4_gta_planning_population.jsp
U sse_g4/espanol/sse_g4_gta_planning_refresh_alerts.jsp
U sse_g4/espanol/sse_g4_gta_planning_refresh_counters.jsp
U sse_g4/espanol/sse_g4_gta_planning_timeslots.jsp
U sse_g4/espanol/sse_g4_gta_planning_total_calcul.jsp
U sse_g4/espanol/sse_g4_gta_planning_validation.jsp
U sse_g4/espanol/sse_g4_gta_virtual_clock.jsp
U sse_g4/espanol/sse_g4_gta_virtual_clock_redirect.jsp
U sse_g4/espanol/sse_g4_menu.jsp
U sse_g4/espanol/sse_g4_p1.jsp
U sse_g4/espanol/sse_g4_p2.jsp
U sse_g4/espanol/sse_g4_p2_2.jsp
U sse_g4/espanol/sse_g4_p3.jsp
U sse_g4/francais/act_va.jsp
U sse_g4/francais/sse_g4_gta_activity.jsp
U sse_g4/francais/sse_g4_gta_incidences_request.jsp
U sse_g4/francais/sse_g4_gta_planning.jsp
U sse_g4/francais/sse_g4_gta_planning_body.jsp
U sse_g4/francais/sse_g4_gta_planning_day_control.jsp
U sse_g4/francais/sse_g4_gta_planning_filter.jsp
U sse_g4/francais/sse_g4_gta_planning_get_cwd_informations.jsp
U sse_g4/francais/sse_g4_gta_planning_get_informations.jsp
U sse_g4/francais/sse_g4_gta_planning_get_tooltip_employee_informations.jsp
U sse_g4/francais/sse_g4_gta_planning_get_tooltip_informations.jsp
U sse_g4/francais/sse_g4_gta_planning_main_wrapper.jsp
U sse_g4/francais/sse_g4_gta_planning_menus.jsp
U sse_g4/francais/sse_g4_gta_planning_modify_day.jsp
U sse_g4/francais/sse_g4_gta_planning_pagination.jsp
U sse_g4/francais/sse_g4_gta_planning_pagination_empty.jsp
U sse_g4/francais/sse_g4_gta_planning_population.jsp
U sse_g4/francais/sse_g4_gta_planning_refresh_alerts.jsp
U sse_g4/francais/sse_g4_gta_planning_refresh_counters.jsp
U sse_g4/francais/sse_g4_gta_planning_timeslots.jsp
U sse_g4/francais/sse_g4_gta_planning_total_calcul.jsp
U sse_g4/francais/sse_g4_gta_planning_validation.jsp
U sse_g4/francais/sse_g4_gta_virtual_clock.jsp
U sse_g4/francais/sse_g4_gta_virtual_clock_redirect.jsp
U sse_g4/francais/sse_g4_menu.jsp
U sse_g4/francais/sse_g4_p1.jsp
U sse_g4/francais/sse_g4_p2.jsp
U sse_g4/francais/sse_g4_p2_2.jsp
U sse_g4/francais/sse_g4_p3.jsp
U sse_g4/portugues/act_va.jsp
U sse_g4/portugues/sse_g4_gta_activity.jsp
U sse_g4/portugues/sse_g4_gta_incidences_request.jsp
U sse_g4/portugues/sse_g4_gta_planning.jsp
U sse_g4/portugues/sse_g4_gta_planning_body.jsp
U sse_g4/portugues/sse_g4_gta_planning_day_control.jsp
U sse_g4/portugues/sse_g4_gta_planning_filter.jsp
U sse_g4/portugues/sse_g4_gta_planning_get_cwd_informations.jsp
U sse_g4/portugues/sse_g4_gta_planning_get_informations.jsp
U sse_g4/portugues/sse_g4_gta_planning_get_tooltip_employee_informations.jsp
U sse_g4/portugues/sse_g4_gta_planning_get_tooltip_informations.jsp
U sse_g4/portugues/sse_g4_gta_planning_main_wrapper.jsp
U sse_g4/portugues/sse_g4_gta_planning_menus.jsp
U sse_g4/portugues/sse_g4_gta_planning_modify_day.jsp
U sse_g4/portugues/sse_g4_gta_planning_pagination.jsp
U sse_g4/portugues/sse_g4_gta_planning_pagination_empty.jsp
U sse_g4/portugues/sse_g4_gta_planning_population.jsp
U sse_g4/portugues/sse_g4_gta_planning_refresh_alerts.jsp
U sse_g4/portugues/sse_g4_gta_planning_refresh_counters.jsp
U sse_g4/portugues/sse_g4_gta_planning_timeslots.jsp
U sse_g4/portugues/sse_g4_gta_planning_total_calcul.jsp
U sse_g4/portugues/sse_g4_gta_planning_validation.jsp
U sse_g4/portugues/sse_g4_gta_virtual_clock.jsp
U sse_g4/portugues/sse_g4_gta_virtual_clock_redirect.jsp
U sse_g4/portugues/sse_g4_menu.jsp
U sse_g4/portugues/sse_g4_p1.jsp
U sse_g4/portugues/sse_g4_p2.jsp
U sse_g4/portugues/sse_g4_p2_2.jsp
U sse_g4/portugues/sse_g4_p3.jsp
U sse_g5/english/sse_g5_menu.jsp
U sse_g5/espanol/sse_g5_menu.jsp
U sse_g5/francais/sse_g5_menu.jsp
U sse_g5/portugues/sse_g5_menu.jsp
U sse_generico/generico_formats.jsp
U sse_generico/generico_invisible.jsp
U sse_generico/generico_login.jsp
U sse_generico/generico_ventanas_post.jsp
U sse_generico/plco_external_system.jsp
U sse_generico/sgco_date.jsp
U sse_generico/sgco_engine_news.jsp
U sse_generico/sgco_engine_subportal.jsp
U sse_generico/sgco_engine_tasks.jsp
U sse_generico/sgco_eval_data.jsp
U sse_generico/sgco_favourite_back.jsp
U sse_generico/sgco_footer.jsp
U sse_generico/sgco_gen_inc.jsp
U sse_generico/sgco_list.jsp
U sse_generico/sgco_list_next.jsp
U sse_generico/sgco_menu_back.jsp
U sse_generico/sgco_menu_search_back.jsp
U sse_generico/sgco_mn_photo.jsp
U sse_generico/sgco_mn_upload_photo.jsp
U sse_generico/sgco_params_login.jsp
U sse_generico/sgco_portal.jsp
U sse_generico/sgco_put_object.jsp
U sse_generico/sgco_putsession.jsp
U sse_generico/sgco_restore_request.jsp
U sse_generico/sgco_search_emp.jsp
U sse_generico/sgco_subportal.jsp
U sse_generico/sgco_upd_photo.jsp
U sse_generico/sgco_who_is_who.jsp
U sse_generico/ssco_cab_prod.jsp
U sse_generico/ssco_end_prod.jsp
U sse_generico/ssco_pag.jsp
U sse_generico/ssco_portal.jsp
U sse_generico/ssco_report_cab.jsp
U sse_generico/ssco_report_end.jsp
U sse_generico/ssco_report_error.jsp
U sse_generico/ssco_report_exec.jsp
U sse_generico/ssco_report_exec2.jsp
U sse_generico/ssco_report_form.jsp
U sse_generico/sse_generico_lang.jsp
U sse_generico/sse_generico_taglib.jsp
U sse_generico/sse_generico_taglib_2.jsp
U sse_generico/sse_generico_trans.jsp
U sse_generico/sse_logout.jsp
U sse_generico/english/calendario.jsp
U sse_generico/english/generico_actualizar.jsp
U sse_generico/english/generico_actualizar_cuerpo.jsp
U sse_generico/english/generico_actualizar_get.jsp
U sse_generico/english/generico_actualizar_incidences_encripted.jsp
U sse_generico/english/generico_actualizar_multipeticiones.jsp
U sse_generico/english/generico_disclaimer.jsp
U sse_generico/english/generico_error.jsp
U sse_generico/english/generico_exec_error.jsp
U sse_generico/english/generico_favoritos.jsp
U sse_generico/english/generico_fecha.jsp
U sse_generico/english/generico_from_mail.jsp
U sse_generico/english/generico_informacion_desarrollador.jsp
U sse_generico/english/generico_informacion_usuario.jsp
U sse_generico/english/generico_invisible.jsp
U sse_generico/english/generico_links.jsp
U sse_generico/english/generico_lista.jsp
U sse_generico/english/generico_login.jsp
U sse_generico/english/generico_login_disclaimer.jsp
U sse_generico/english/generico_login_links.jsp
U sse_generico/english/generico_login_menusup.jsp
U sse_generico/english/generico_mapa.jsp
U sse_generico/english/generico_menu_desplegable.jsp
U sse_generico/english/generico_menusup.jsp
U sse_generico/english/generico_menusup2.jsp
U sse_generico/english/generico_path.jsp
U sse_generico/english/generico_person_courses.jsp
U sse_generico/english/generico_portal.jsp
U sse_generico/english/generico_portal_disclaimer.jsp
U sse_generico/english/generico_portal_links.jsp
U sse_generico/english/generico_portal_menusup.jsp
U sse_generico/english/generico_validaciones.jsp
U sse_generico/english/generico_ventanas.jsp
U sse_generico/english/generico_ventanas_post.jsp
U sse_generico/english/generico_ventanas_post1.jsp
U sse_generico/english/generico_ventanas_post2.jsp
U sse_generico/english/menu_ess.jsp
U sse_generico/english/sgco_desc_dev_subaction.jsp
U sse_generico/english/sgco_desc_dev_subproduct.jsp
U sse_generico/english/sgco_engine_news.jsp
U sse_generico/english/sgco_engine_subportal.jsp
U sse_generico/english/sgco_engine_tasks.jsp
U sse_generico/english/sgco_eval_data.jsp
U sse_generico/english/sgco_favourite_back.jsp
U sse_generico/english/sgco_list.jsp
U sse_generico/english/sgco_list_next.jsp
U sse_generico/english/sgco_menu_back.jsp
U sse_generico/english/sgco_menu_search_back.jsp
U sse_generico/english/sgco_mn_photo.jsp
U sse_generico/english/sgco_mn_upload_photo.jsp
U sse_generico/english/sgco_put_object.jsp
U sse_generico/english/sgco_restore_request.jsp
U sse_generico/english/sgco_subportal.jsp
U sse_generico/english/sgco_upd_photo.jsp
U sse_generico/english/ssco_portal.jsp
U sse_generico/english/sse_eliminar.jsp
U sse_generico/english/sse_gen_gta_day_detail.jsp
U sse_generico/english/sse_generico_gta_employee_day_details.jsp
U sse_generico/english/sse_generico_gta_employee_day_details_redirection.jsp
U sse_generico/english/sse_generico_gta_employee_presence_TSheet.jsp
U sse_generico/english/sse_generico_gta_manager_day_details_redirection.jsp
U sse_generico/english/sse_generico_gta_view_employee_presence_timesheet.jsp
U sse_generico/english/sse_lang_in.jsp
U sse_generico/english/sse_logout.jsp
U sse_generico/english/ssegenerico_filtro_emp.jsp
U sse_generico/english/ssegenerico_pendientes.jsp
U sse_generico/espanol/calendario.jsp
U sse_generico/espanol/generico_actualizar.jsp
U sse_generico/espanol/generico_actualizar_cuerpo.jsp
U sse_generico/espanol/generico_actualizar_get.jsp
U sse_generico/espanol/generico_actualizar_incidences_encripted.jsp
U sse_generico/espanol/generico_actualizar_multipeticiones.jsp
U sse_generico/espanol/generico_disclaimer.jsp
U sse_generico/espanol/generico_error.jsp
U sse_generico/espanol/generico_exec_error.jsp
U sse_generico/espanol/generico_favoritos.jsp
U sse_generico/espanol/generico_fecha.jsp
U sse_generico/espanol/generico_from_mail.jsp
U sse_generico/espanol/generico_informacion_desarrollador.jsp
U sse_generico/espanol/generico_informacion_usuario.jsp
U sse_generico/espanol/generico_invisible.jsp
U sse_generico/espanol/generico_links.jsp
U sse_generico/espanol/generico_lista.jsp
U sse_generico/espanol/generico_login.jsp
U sse_generico/espanol/generico_login_disclaimer.jsp
U sse_generico/espanol/generico_login_links.jsp
U sse_generico/espanol/generico_login_menusup.jsp
U sse_generico/espanol/generico_mapa.jsp
U sse_generico/espanol/generico_menu_desplegable.jsp
U sse_generico/espanol/generico_menusup.jsp
U sse_generico/espanol/generico_menusup2.jsp
U sse_generico/espanol/generico_path.jsp
U sse_generico/espanol/generico_person_courses.jsp
U sse_generico/espanol/generico_portal.jsp
U sse_generico/espanol/generico_portal_disclaimer.jsp
U sse_generico/espanol/generico_portal_links.jsp
U sse_generico/espanol/generico_portal_menusup.jsp
U sse_generico/espanol/generico_validaciones.jsp
U sse_generico/espanol/generico_ventanas.jsp
U sse_generico/espanol/generico_ventanas_post.jsp
U sse_generico/espanol/generico_ventanas_post1.jsp
U sse_generico/espanol/generico_ventanas_post2.jsp
U sse_generico/espanol/menu_ess.jsp
U sse_generico/espanol/plco_external_system.jsp
U sse_generico/espanol/sgco_desc_dev_subaction.jsp
U sse_generico/espanol/sgco_desc_dev_subproduct.jsp
U sse_generico/espanol/sgco_engine_news.jsp
U sse_generico/espanol/sgco_engine_subportal.jsp
U sse_generico/espanol/sgco_engine_tasks.jsp
U sse_generico/espanol/sgco_eval_data.jsp
U sse_generico/espanol/sgco_favourite_back.jsp
U sse_generico/espanol/sgco_list.jsp
U sse_generico/espanol/sgco_list_next.jsp
U sse_generico/espanol/sgco_menu_back.jsp
U sse_generico/espanol/sgco_menu_search_back.jsp
U sse_generico/espanol/sgco_mn_photo.jsp
U sse_generico/espanol/sgco_mn_upload_photo.jsp
U sse_generico/espanol/sgco_put_object.jsp
U sse_generico/espanol/sgco_restore_request.jsp
U sse_generico/espanol/sgco_subportal.jsp
U sse_generico/espanol/sgco_upd_photo.jsp
U sse_generico/espanol/ssco_portal.jsp
U sse_generico/espanol/sse_eliminar.jsp
U sse_generico/espanol/sse_gen_gta_day_detail.jsp
U sse_generico/espanol/sse_generico_gta_employee_day_details.jsp
U sse_generico/espanol/sse_generico_gta_employee_day_details_redirection.jsp
U sse_generico/espanol/sse_generico_gta_employee_presence_TSheet.jsp
U sse_generico/espanol/sse_generico_gta_manager_day_details_redirection.jsp
U sse_generico/espanol/sse_generico_gta_view_employee_presence_timesheet.jsp
U sse_generico/espanol/sse_lang_in.jsp
U sse_generico/espanol/sse_logout.jsp
U sse_generico/espanol/ssegenerico_filtro_emp.jsp
U sse_generico/espanol/ssegenerico_pendientes.jsp
U sse_generico/espanol/vssver.scc
U sse_generico/francais/calendario.jsp
U sse_generico/francais/generico_actualizar.jsp
U sse_generico/francais/generico_actualizar_cuerpo.jsp
U sse_generico/francais/generico_actualizar_get.jsp
U sse_generico/francais/generico_actualizar_incidences_encripted.jsp
U sse_generico/francais/generico_actualizar_multipeticiones.jsp
U sse_generico/francais/generico_disclaimer.jsp
U sse_generico/francais/generico_error.jsp
U sse_generico/francais/generico_exec_error.jsp
U sse_generico/francais/generico_favoritos.jsp
U sse_generico/francais/generico_fecha.jsp
U sse_generico/francais/generico_from_mail.jsp
U sse_generico/francais/generico_informacion_desarrollador.jsp
U sse_generico/francais/generico_informacion_usuario.jsp
U sse_generico/francais/generico_invisible.jsp
U sse_generico/francais/generico_links.jsp
U sse_generico/francais/generico_lista.jsp
U sse_generico/francais/generico_login.jsp
U sse_generico/francais/generico_login_disclaimer.jsp
U sse_generico/francais/generico_login_links.jsp
U sse_generico/francais/generico_login_menusup.jsp
U sse_generico/francais/generico_mapa.jsp
U sse_generico/francais/generico_menu_desplegable.jsp
U sse_generico/francais/generico_menusup.jsp
U sse_generico/francais/generico_menusup2.jsp
U sse_generico/francais/generico_path.jsp
U sse_generico/francais/generico_person_courses.jsp
U sse_generico/francais/generico_portal.jsp
U sse_generico/francais/generico_portal_disclaimer.jsp
U sse_generico/francais/generico_portal_links.jsp
U sse_generico/francais/generico_portal_menusup.jsp
U sse_generico/francais/generico_validaciones.jsp
U sse_generico/francais/generico_ventanas.jsp
U sse_generico/francais/generico_ventanas_post.jsp
U sse_generico/francais/generico_ventanas_post1.jsp
U sse_generico/francais/generico_ventanas_post2.jsp
U sse_generico/francais/menu_ess.jsp
U sse_generico/francais/sgco_desc_dev_subaction.jsp
U sse_generico/francais/sgco_desc_dev_subproduct.jsp
U sse_generico/francais/sgco_engine_news.jsp
U sse_generico/francais/sgco_engine_subportal.jsp
U sse_generico/francais/sgco_engine_tasks.jsp
U sse_generico/francais/sgco_eval_data.jsp
U sse_generico/francais/sgco_favourite_back.jsp
U sse_generico/francais/sgco_list.jsp
U sse_generico/francais/sgco_list_next.jsp
U sse_generico/francais/sgco_menu_back.jsp
U sse_generico/francais/sgco_menu_search_back.jsp
U sse_generico/francais/sgco_mn_photo.jsp
U sse_generico/francais/sgco_mn_upload_photo.jsp
U sse_generico/francais/sgco_put_object.jsp
U sse_generico/francais/sgco_restore_request.jsp
U sse_generico/francais/sgco_subportal.jsp
U sse_generico/francais/sgco_upd_photo.jsp
U sse_generico/francais/ssco_portal.jsp
U sse_generico/francais/sse_eliminar.jsp
U sse_generico/francais/sse_gen_gta_day_detail.jsp
U sse_generico/francais/sse_generico_gta_employee_day_details.jsp
U sse_generico/francais/sse_generico_gta_employee_day_details_redirection.jsp
U sse_generico/francais/sse_generico_gta_employee_presence_TSheet.jsp
U sse_generico/francais/sse_generico_gta_manager_day_details_redirection.jsp
U sse_generico/francais/sse_generico_gta_view_employee_presence_timesheet.jsp
U sse_generico/francais/sse_lang_in.jsp
U sse_generico/francais/sse_logout.jsp
U sse_generico/francais/ssegenerico_filtro_emp.jsp
U sse_generico/francais/ssegenerico_pendientes.jsp
U sse_generico/portugues/calendario.jsp
U sse_generico/portugues/generico_actualizar.jsp
U sse_generico/portugues/generico_actualizar_cuerpo.jsp
U sse_generico/portugues/generico_actualizar_get.jsp
U sse_generico/portugues/generico_actualizar_incidences_encripted.jsp
U sse_generico/portugues/generico_actualizar_multipeticiones.jsp
U sse_generico/portugues/generico_disclaimer.jsp
U sse_generico/portugues/generico_error.jsp
U sse_generico/portugues/generico_exec_error.jsp
U sse_generico/portugues/generico_favoritos.jsp
U sse_generico/portugues/generico_fecha.jsp
U sse_generico/portugues/generico_from_mail.jsp
U sse_generico/portugues/generico_informacion_desarrollador.jsp
U sse_generico/portugues/generico_informacion_usuario.jsp
U sse_generico/portugues/generico_invisible.jsp
U sse_generico/portugues/generico_links.jsp
U sse_generico/portugues/generico_lista.jsp
U sse_generico/portugues/generico_login.jsp
U sse_generico/portugues/generico_login_disclaimer.jsp
U sse_generico/portugues/generico_login_links.jsp
U sse_generico/portugues/generico_login_menusup.jsp
U sse_generico/portugues/generico_mapa.jsp
U sse_generico/portugues/generico_menu_desplegable.jsp
U sse_generico/portugues/generico_menusup.jsp
U sse_generico/portugues/generico_menusup2.jsp
U sse_generico/portugues/generico_path.jsp
U sse_generico/portugues/generico_person_courses.jsp
U sse_generico/portugues/generico_portal.jsp
U sse_generico/portugues/generico_portal_disclaimer.jsp
U sse_generico/portugues/generico_portal_links.jsp
U sse_generico/portugues/generico_portal_menusup.jsp
U sse_generico/portugues/generico_validaciones.jsp
U sse_generico/portugues/generico_ventanas.jsp
U sse_generico/portugues/generico_ventanas_post.jsp
U sse_generico/portugues/generico_ventanas_post1.jsp
U sse_generico/portugues/generico_ventanas_post2.jsp
U sse_generico/portugues/menu_ess.jsp
U sse_generico/portugues/sgco_desc_dev_subaction.jsp
U sse_generico/portugues/sgco_desc_dev_subproduct.jsp
U sse_generico/portugues/sgco_engine_news.jsp
U sse_generico/portugues/sgco_engine_subportal.jsp
U sse_generico/portugues/sgco_engine_tasks.jsp
U sse_generico/portugues/sgco_eval_data.jsp
U sse_generico/portugues/sgco_favourite_back.jsp
U sse_generico/portugues/sgco_list.jsp
U sse_generico/portugues/sgco_list_next.jsp
U sse_generico/portugues/sgco_menu_back.jsp
U sse_generico/portugues/sgco_menu_search_back.jsp
U sse_generico/portugues/sgco_mn_photo.jsp
U sse_generico/portugues/sgco_mn_upload_photo.jsp
U sse_generico/portugues/sgco_put_object.jsp
U sse_generico/portugues/sgco_restore_request.jsp
U sse_generico/portugues/sgco_subportal.jsp
U sse_generico/portugues/sgco_upd_photo.jsp
U sse_generico/portugues/ssco_portal.jsp
U sse_generico/portugues/sse_eliminar.jsp
U sse_generico/portugues/sse_gen_gta_day_detail.jsp
U sse_generico/portugues/sse_generico_gta_employee_day_details.jsp
U sse_generico/portugues/sse_generico_gta_employee_day_details_redirection.jsp
U sse_generico/portugues/sse_generico_gta_employee_presence_TSheet.jsp
U sse_generico/portugues/sse_generico_gta_manager_day_details_redirection.jsp
U sse_generico/portugues/sse_generico_gta_view_employee_presence_timesheet.jsp
U sse_generico/portugues/sse_lang_in.jsp
U sse_generico/portugues/sse_logout.jsp
U sse_generico/portugues/ssegenerico_filtro_emp.jsp
U sse_generico/portugues/ssegenerico_pendientes.jsp
U traducciones/mss_cr_en.properties
U traducciones/mss_cr_es.properties
U traducciones/mss_cr_fr.properties
U traducciones/mss_cr_pt.properties
U translations/en.xml
U translations/es.xml
U translations/ess_bft_en.properties
U translations/ess_bft_es.properties
U translations/ess_bft_fr.properties
U translations/ess_bft_pt.properties
U translations/ess_ev_en.properties
U translations/ess_ev_es.properties
U translations/ess_ev_fr.properties
U translations/ess_ev_pt.properties
U translations/ess_g4_gta_en.properties
U translations/ess_g4_gta_es.properties
U translations/ess_g4_gta_fr.properties
U translations/ess_g4_gta_pt.properties
U translations/ess_mss_gen_en.properties
U translations/ess_mss_gen_es.properties
U translations/ess_mss_gen_fr.properties
U translations/ess_mss_gen_pt.properties
U translations/ess_payment_data_en.properties
U translations/ess_payment_data_es.properties
U translations/ess_payment_data_fr.properties
U translations/ess_payment_data_pt.properties
U translations/ess_train_en.properties
U translations/ess_train_es.properties
U translations/ess_train_fr.properties
U translations/ess_train_pt.properties
U translations/fr.xml
U translations/languages.xml
U translations/m4err_cl_en.js
U translations/m4err_cl_es.js
U translations/m4err_cl_fr.js
U translations/m4err_cl_pt.js
U translations/m4err_co_en.js
U translations/m4err_co_es.js
U translations/m4err_co_fr.js
U translations/m4err_co_pt.js
U translations/m4err_ess_en.js
U translations/m4err_ess_es.js
U translations/m4err_ess_fr.js
U translations/m4err_ess_pt.js
U translations/m4err_fr_en.js
U translations/m4err_fr_es.js
U translations/m4err_fr_fr.js
U translations/m4err_fr_pt.js
U translations/m4err_mss_en.js
U translations/m4err_mss_es.js
U translations/m4err_mss_fr.js
U translations/m4err_mss_pt.js
U translations/m4err_sp_en.js
U translations/m4err_sp_es.js
U translations/m4err_sp_fr.js
U translations/m4err_sp_pt.js
U translations/m4err_uk_en.js
U translations/m4err_uk_es.js
U translations/m4err_uk_fr.js
U translations/m4err_uk_pt.js
U translations/mss_bft_en.properties
U translations/mss_bft_es.properties
U translations/mss_bft_fr.properties
U translations/mss_bft_pt.properties
U translations/mss_delegation_en.properties
U translations/mss_delegation_es.properties
U translations/mss_delegation_fr.properties
U translations/mss_delegation_pt.properties
U translations/mss_ev_en.properties
U translations/mss_ev_es.properties
U translations/mss_ev_fr.properties
U translations/mss_ev_pt.properties
U translations/mss_filter_en.properties
U translations/mss_filter_es.properties
U translations/mss_filter_fr.properties
U translations/mss_filter_pt.properties
U translations/mss_g3_en.properties
U translations/mss_g3_es.properties
U translations/mss_g3_fr.properties
U translations/mss_g3_pt.properties
U translations/mss_g4_gta_2_en.properties
U translations/mss_g4_gta_2_es.properties
U translations/mss_g4_gta_2_fr.properties
U translations/mss_g4_gta_2_in.properties
U translations/mss_g4_gta_2_pt.properties
U translations/mss_g4_gta_planning_en.properties
U translations/mss_g4_gta_planning_es.properties
U translations/mss_g4_gta_planning_fr.properties
U translations/mss_g4_gta_planning_pt.properties
U translations/mss_g4_gta_view_alerts_en.properties
U translations/mss_g4_gta_view_alerts_es.properties
U translations/mss_g4_gta_view_alerts_fr.properties
U translations/mss_g4_gta_view_alerts_pt.properties
U translations/mss_train_en.properties
U translations/mss_train_es.properties
U translations/mss_train_fr.properties
U translations/mss_train_pt.properties
U translations/privacy_en.html
U translations/privacy_es.html
U translations/privacy_fr.html
U translations/privacy_pt.html
U translations/pt.xml
U translations/sgco_gen_en.properties
U translations/sgco_gen_es.properties
U translations/sgco_gen_fr.properties
U translations/sgco_gen_pt.properties
U translations/smco_ab_en.properties
U translations/smco_ab_es.properties
U translations/smco_ab_fr.properties
U translations/smco_ab_pt.properties
U translations/smco_dev_plan_en.properties
U translations/smco_dev_plan_es.properties
U translations/smco_dev_plan_fr.properties
U translations/smco_dev_plan_pt.properties
U translations/smco_g2_en.properties
U translations/smco_g2_es.properties
U translations/smco_g2_fr.properties
U translations/smco_g2_pt.properties
U translations/smco_iv_en.properties
U translations/smco_iv_es.properties
U translations/smco_iv_fr.properties
U translations/smco_iv_pt.properties
U translations/smco_pm_en.properties
U translations/smco_pm_es.properties
U translations/smco_pm_fr.properties
U translations/smco_pm_pt.properties
U translations/smco_prof_cv_en.properties
U translations/smco_prof_cv_es.properties
U translations/smco_prof_cv_fr.properties
U translations/smco_prof_cv_pt.properties
U translations/ssco_etask_en.properties
U translations/ssco_etask_es.properties
U translations/ssco_etask_fr.properties
U translations/ssco_etask_pt.properties
U translations/ssco_g2_en.properties
U translations/ssco_g2_es.properties
U translations/ssco_g2_fr.properties
U translations/ssco_g2_pt.properties
U translations/ssco_iv_en.properties
U translations/ssco_iv_es.properties
U translations/ssco_iv_fr.properties
U translations/ssco_iv_pt.properties
U translations/sse_g1_en.properties
U translations/sse_g1_es.properties
U translations/sse_g1_fr.properties
U translations/sse_g1_pt.properties
U translations/sse_g3_en.properties
U translations/sse_g3_es.properties
U translations/sse_g3_fr.properties
U translations/sse_g3_pt.properties
U translations/sse_g_es.properties
